Russian,English
я,I
не,not
что,what
в,in
и,and
ты,you
это,this is
на,on
с,With
он,he
мы,we
как,How
вы,you
да,Yes
мне,to me
у,u
нет,No
меня,me
так,So
но,but
а,a
его,his
все,Everybody
она,she
тебя,you
о,about
если,if
бы,would
тебе,you
за,per
они,they
чтобы,to
же,the same
просто,simply
есть,eat
из,from
ну,well
к,to
для,for
хорошо,Good
когда,when
здесь,here
по,on
был,was
знаю,I know
то,then
только,only
было,was
может,maybe
вас,you
всё,everything
нас,us
от,from
вот,here
быть,to be
будет,will be
кто,who
почему,why
вам,to you
очень,very
могу,can
их,them
еще,more
уже,already
или,or
спасибо,Thank you
нам,us
там,there
чем,how
хочу,want
сейчас,now
где,where
нужно,need to
этого,this
ничего,nothing
ее,her
была,was
мой,my
знаешь,you know
ладно,OK
этом,this
до,before
потому,because
теперь,now
думаю,think
больше,more
п,P
со,CO
раз,once
её,her
время,time
ему,to him
надо,necessary
этот,this
ли,Lee
привет,Hey
даже,even
пока,bye
сказал,said
себя,myself
должен,should
хочешь,want
давай,let's
эй,hey
ещё,more
того,Togo
никогда,never
тоже,too
тогда,then
него,him
были,were
конечно,certainly
ни,Neither
об,about
правда,truth
тут,here
моя,my
пожалуйста,please
сказать,to tell
тобой,you
сегодня,today
один,one
можешь,can
лучше,better
сюда,here
мной,me
сделать,do
значит,means
всегда,always
ей,her
порядке,order
дело,case
должны,must
том,volume
можно,can
без,without
день,day
буду,I will
делать,do
хотел,I wanted to
эти,these
много,many
этим,This
после,after
чего,what
всего,Total
твой,your
во,in
ним,him
лет,years old
боже,God
них,them
мистер,Mr
жизнь,life
ней,her
ведь,after all
такой,such
потом,after
который,which
немного,Little
возможно,Maybe
через,through
сэр,sir
всех,All
слишком,too much
себе,yourself
им,them
такое,Such
должна,must
моей,mine
знаете,You know
думаешь,You think
этой,this
люди,people
зачем,why
свою,my
твоя,yours
сказала,said
человек,human
назад,back
эту,This
под,under
точно,Exactly
можем,Can
отец,father
мама,Mama
случилось,It happened
мог,Could
вместе,together
сделал,done
кажется,seems
мои,my
друг,friend
никто,nobody
куда,where
эта,this
которые,which
два,two
тот,that
жизни,Life
сколько,how many
нравится,Like
поэтому,so
понимаю,Understand
снова,again
парень,guy
люблю,I love
видел,saw
людей,people
помочь,help
хочет,wants
похоже,Seems like
место,place
знать,know
отлично,Great
домой,home
всем,Everyone
деньги,money
иди,Go
прости,sorry
доктор,doctor
думал,thought
времени,time
дома,at home
делаешь,You do
именно,exactly
говорил,spoke
слушай,listen
прямо,straight
поговорить,talk
будем,We will
своей,his
найти,find
стоит,costs
разве,Is it
тем,those
хотела,I wanted to
ага,Yeah
можете,You can
лишь,only
деле,business
будешь,You will
простите,sorry
сам,myself
три,three
знал,He knew
хотите,want to
говорить,speak
действительно,really
скажи,tell
совсем,at all
знает,He knows
давайте,let's
прошу,I beg
моего,mine
дом,house
должно,must
несколько,some
какой,which
свои,their
вами,you
дела,affairs
говорит,He speaks
черт,heck
жаль,sorry
происходит,is happening
папа,dad
ваш,your
туда,there
про,pro
завтра,tomorrow
оно,it
уверен,sure
самом,myself
одна,one
тех,those
перед,front
отсюда,From here
наш,our
нее,her
свой,mine
нужна,Need
мою,mine
нужен,Need
каждый,every
кого,whom
работу,work
верно,right
твоей,yours
ж,and
будут,will be
итак,so
имя,name
понял,understood
пор,por
уж,Oh
надеюсь,hope
против,vs
хватит,enough
пошли,went
более,more
говорю,I say
раньше,earlier
наверное,maybe
ребята,guys
твои,yours
ваша,Your
дай,give
при,at
могли,Could
нами,us
вообще,generally
всю,All
мать,mother
понимаешь,understand
ко,ko
идти,go
этих,These
извините,Sorry
чём,how
ради,for the sake
нельзя,it is forbidden
такая,Such
хотя,although
другой,another
виду,sight
вижу,I see
откуда,where
мисс,Miss
видеть,see
послушай,Listen
над,above
могут,can
думала,I thought
будто,Like
равно,equals
между,between
зовут,The name is
подожди,wait
скоро,soon
этому,this
возьми,Take it
наши,our
извини,Sorry
своего,your own
ясно,clear
человека,man
вопрос,question
года,of the year
вещи,things
минут,minutes
руки,hands
которая,which
почти,almost
смотри,look
такие,such
могла,Could
нормально,fine
достаточно,enough
видишь,You see
работа,Job
пару,pair
ночь,night
дня,Day
господи,God
говоришь,You say
весь,All
быстро,quickly
жить,live
сын,a son
хоть,though
твою,Yours
ваше,yours
посмотри,look
скажу,I will say
убить,Kill
слышал,I heard
пора,It's time
готов,ready
собой,yourself
имею,I have
первый,the first
неё,Her
самое,Most
видела,I saw
какая,which
смогу,I can
сказали,They said
плохо,bad
миссис,Mrs.
рад,glad
месте,place
никаких,No
насчет,about
иногда,sometimes
прав,right
нашли,Found
отца,Father
ваши,Yours
детей,children
пусть,let
мое,my
своих,their own
знаем,We know
вроде,like
которую,which
пойду,I'll go
сделала,I did it
смерти,of death
таким,So
знала,I knew
произошло,occurred
говорила,She said
собираюсь,going to
рядом,nearby
случае,case
одного,one
правильно,right
увидеть,see
кем,by whom
мир,peace
брат,brother
пойти,Go
такого,Such
помощь,help
вчера,yesterday
делает,does
говорят,they say
одно,One
кроме,Besides
нашей,ours
здорово,great
дверь,Door
друга,friend
женщина,woman
убил,Killed
будь,Be
долго,for a long time
важно,important
номер,room
денег,money
хороший,good
вечером,in the evening
одну,One
проблемы,Problems
вашей,yours
работать,work
твоего,yours
ночи,nights
проблема,problem
сама,herself
уверена,sure
нужны,Need
серьезно,Seriously
машину,car
также,same
тому,that
последний,last
пять,five
вернуться,return
дальше,farther
моих,mine
узнать,to know
права,the rights
своим,his own
ночью,at night
дети,children
те,those
чувствую,feel
работает,working
давно,for a long time
моим,mine
чувак,dude
чёрт,heck
две,Two
жена,wife
придется,have to
опять,again
дорогая,expensive
одной,One
думаете,Think
помнишь,Remember
сначала,first
глаза,eyes
утром,in the morning
ох,oh
прекрасно,wonderful
взять,take
парня,guy
идея,idea
часть,part
ними,them
большой,large
сделали,done
видели,saw
сразу,straightaway
слова,words
помню,I remember
утро,morning
сердце,heart
стать,become
момент,moment
часов,hours
скорее,quicker
наша,our
стал,became
смысле,Meaning
друзья,friends
сильно,strongly
уйти,Leave
говори,Speak
ах,Oh
имеет,It has
год,year
которой,which
здравствуйте,hello
которого,whom
работы,work
пойдем,let's go to
боюсь,afraid
любовь,love
девушка,young woman
голову,head
той,that
вечер,evening
дочь,daughter
довольно,enough
твое,your
нашел,found
парни,Guys
дней,days
понятно,It's clear
доме,house
новый,new
оба,both
хорошая,Good
прежде,Before
затем,then
бог,the God
увидимся,See you later
поверить,Believe
дать,to give
шанс,chance
пришел,Came
сделаю,I will do it
понять,understand
рассказать,tell
стой,Stop
какого,what
столько,so many
обо,about
та,that
быстрее,faster
интересно,interesting
вашего,your his
никого,No one
самый,most
милая,darling
ой,oh
умер,died
получить,receive
слово,word
будете,You will
однажды,once
обычно,usually
полагаю,I suppose
свое,Own
странно,strange
капитан,captain
посмотреть,look
вон,There
какие,what kind
чтоб,so
сможешь,You can
ума,mind
выглядит,Looks
подумал,Thought
наших,ours
приятно,nice
алло,Hello
обратно,back
хотели,They wanted
иначе,otherwise
тело,body
говорите,Speak
другие,other
час,hour
доброе,Kind
лицо,face
другом,friend
нашего,ours
мире,world
делал,did
мам,Mom
посмотрим,let's see
любит,loves
джон,John
пытался,had tried
пути,ways
насколько,How much
пришли,They came
честь,honour
получил,received
типа,type
места,Places
поздно,late
внимание,Attention
скажешь,Say
правду,Truth
следующий,next
моё,my
план,plan
кому,to whom
нем,him
телефон,telephone
кстати,by the way
хотят,They want
город,town
i,I
говорили,They said
думать,think
работе,work
решил,I decided
дорогой,expensive
безопасности,security
рада,glad
которое,which
позже,later
a,a
господин,Mr.
вся,all
некоторые,some
остаться,stay
пришла,Came
других,others
сестра,sister
кровь,blood
кофе,coffee
семья,family
спать,sleep
дал,gave
the,The
вперед,forward
понимаете,You see
совершенно,Absolutely
ребенка,child
ужасно,terrible
идет,It goes
вернулся,He returned
делаю,I do
конец,the end
единственный,the only one
которых,which
пришлось,I had to
хуже,worse
четыре,four
ждать,wait
оружие,weapon
большое,Big
часа,hours
полиция,police
сможем,We can
смотреть,watch
вернусь,I'll be back
машина,the machine
способ,way
муж,husband
играть,play
стороны,Parties
верю,I believe
звучит,Sounds
ребенок,child
мере,Meres
готовы,ready
угодно,Most
таких,Such
честно,honestly
взял,I took it
you,You
руку,hand
начала,Beginning
пытаюсь,Trying
смог,smog
приятель,buddy
какое,which
нашла,Found
скажите,tell
добрый,kind
подождите,Wait
вокруг,around
мальчик,boy
сына,son
внутри,inside
году,year
двух,Two
сами,themselves
вашу,yours
перевод,translation
знали,They knew
слышала,I heard
делаете,Do
отношения,relationship
неделю,A week
станет,will become
мужчина,man
далеко,long away
осталось,left
долларов,dollars
новости,news
никому,Nobody
ту,that
около,about
двое,two
собираешься,You are going
дайте,give
крови,blood
сможет,will be able
хотим,We want
дерьмо,shit
идем,Let's go
поняла,understood
минуту,A minute
сих,These
путь,way
видите,See
готова,Ready
женщины,women
джек,Jack
твоих,yours
следует,should
твоим,yours
вернуть,return
смерть,death
вина,guilt
машины,cars
мило,nicely
леди,lady
неужели,Really
заткнись,shut up
решение,decision
например,for example
начать,to begin
семьи,families
конце,end
джо,Joe
история,history
трудно,hard
смотрите,Look
спросить,ask
проблем,problems
любишь,Love
чарли,Charlie
пошел,Go
месяцев,months
сэм,Sam
шоу,show
пап,dad
комнате,room
вдруг,all of a sudden
нашу,ours
второй,second
прошлой,past
лучший,best
прощения,Forgiveness
круто,cool
милый,cute
б,b
постоянно,constantly
оставить,leave
больно,painfully
знают,Know
послушайте,Listen
школе,school
говоря,speaking
забыл,forgot
матери,Mother
полиции,police
полностью,fully
иметь,have
поможет,will help
добро,good
образом,way
иду,I'm going
рождения,birth
крайней,extreme
нему,him
часто,often
никакого,No
случай,happening
неплохо,not bad
посмотрите,Look
детка,baby
машине,car
слушайте,Listen
спасти,to rescue
сделаем,Let's do it
узнал,I learned
использовать,use
прекрати,Stop
убийство,murder
шесть,six
девочка,girl
господа,Gentlemen
чуть,A little
выглядишь,are looking
невозможно,impossible
пол,floor
агент,agent
другого,another
думает,Thinking
свет,light
держи,Hold it
наше,our
недели,weeks
погоди,wait a minute
ненавижу,I hate
настолько,so
другое,Other
убили,Killed
маленький,little
меньше,smaller
имеешь,You have
эм,Em
легко,easy
обещаю,I promise
имени,name
очевидно,obviously
людям,people
последние,The latter
школу,School
мадам,Madame
друзей,friends
последнее,last thing
понятия,concepts
своими,your own
либо,or
родители,parents
сообщение,message
помогите,Help
показать,show
вместо,instead of
особенно,especially
моем,mine
спокойной,calm
всей,All
свидания,Dates
самого,himself
сделай,Do It
большая,Big
поехали,go
ответ,answer
городе,city
минутку,Minute
мало,few
делай,Do
забрать,take
стало,It became
пожаловать,Hard
серьёзно,Seriously
детектив,detective
истории,stories
прошло,passed
убийца,assassin
окей,OK
купить,buy
вопросы,questions
возможность,possibility
ваших,yours
означает,means
делают,do
ужин,dinner
любви,love
замечательно,great
идите,Go
клянусь,I swear
абсолютно,absolutely
выйти,log off
секунду,give me a sec
человеком,man
чему,what
немедленно,immediately
смешно,funny
позвонить,Call
наконец,finally
обязательно,necessarily
остановить,stop
насчёт,about
ввиду,In view of
бывает,it happens
любой,any
мужик,man
забудь,forget
твоё,your
мэм,ma'am
переводчики,Translators
любом,Anyone
придётся,have to
волнуйся,worry
выбор,choice
ноги,legs
представить,introduce
стала,I became
поводу,reason
оставь,Leave
майкл,Michael
всему,Everything
хорошие,good
города,cities
тысяч,thousands
настоящий,real
своё,your own
выпить,drink up
боль,pain
известно,It is known
перестань,stop doing that
малыш,baby
оставил,left
вещь,thing
которым,which
работаю,working
увидел,saw
потерял,lost
хотелось,I wanted to
подумала,I thought
повезло,Lucky
умерла,Died
неделе,week
пистолет,gun
таком,So
воды,water
прошлом,past
дам,I will give
начал,began
босс,boss
счет,check
отцом,Father
поговорим,Let's talk
связи,connections
десять,ten
встретиться,Meet
генри,Henry
тихо,quiet
фильм,movie
убийства,murders
умереть,die
э,e
держать,Keep
искать,search
подумать,Think
причина,cause
принять,to accept
слышишь,You hear
комнату,room
рано,early
историю,History
речь,speech
работал,have worked
s,S.
удачи,good luck
сложно,difficult
самая,The most
бога,God
ух,wow
еду,I'm going
вести,news
спокойно,calmly
подарок,gift
позволить,allow
право,right
намного,much
конца,end
моему,mine
вероятно,probably
успокойся,calm down
рассказал,told
предложение,offer
одним,one
улице,street
питер,Peter
брата,brother
ы,s
мира,Mira
женщин,women
словно,Like
получится,It will turn out
тяжело,hard
доктора,the doctors
пойдём,let's go to
компании,Company
чувствуешь,You feel
другим,others
игра,a game
познакомиться,познакомиться
вниз,way down
провести,spend
возьму,I'll take it
проверить,verify
случится,will happen
уходи,leave
позволь,please let
позвольте,Let me
месяц,month
игры,games
мистера,Mr.
помоги,Help
неважно,never mind
среди,among
людьми,people
стороне,side
курсе,Course
мужа,husband
to,to
месяца,months
идёт,It goes
получилось,happened
свидание,date
уверены,sure
сторону,side
майк,Mike
джордж,George
голос,voice
ок,OK
президент,the president
пошла,I went
слышали,heard
вид,view
блин,pancake
никакой,no
гораздо,much
нечего,there is nothing
парнем,guy
корабль,ship
объяснить,explain
сидеть,sit
собирался,I was going
письмо,letter
весело,fun
утра,morning
имел,had
вашим,Yours
поверь,Believe me
находится,is
согласен,agree
список,list
котором,which
отличная,Excellent
чувство,feeling
такую,Such
пришёл,Came
девушки,Girls
своем,your own
связь,connection
руках,hands
сынок,son
девочки,girls
встречи,Meetings
фбр,FBI
понадобится,You will need it
заниматься,study
решили,decided
ушла,Left
прийти,Come
ушел,gone
семью,family
найду,I will find
остальные,rest
чувства,feelings
полицию,Police
молодец,well done
является,is
решила,I decided
старый,old
фрэнк,Frank
волосы,hair
считаю,I think
каким,What
расскажи,tell
нём,him
школы,schools
хм,hm
части,parts
впервые,first
собирается,Gathering
ъ,b
оттуда,From there
хочется,I want to
первым,First
могло,Could
эми,Amy
дядя,uncle
стали,steel
пара,pair
пройти,pass the
богу,God
становится,It becomes
ехать,drive
недель,weeks
ме,me
наверняка,Surely
никуда,Nowhere
голове,head
благодарю,thank you
черта,Damn
брось,Throw
макс,Max
пыталась,I tried
глаз,eye
другу,friend
сара,Sarah
многие,many
гарри,Harry
нашёл,found
вопросов,questions
невероятно,Incredible
тела,bodies
называется,called
существует,exist
маленькая,petite
позвоню,I'll call
всеми,All
нашим,ours
приехал,I arrived
вполне,quite
вернулась,Returned
своему,to your own
помощи,help
одном,One
замуж,Marry
идиот,idiot
идём,Let's go
пытается,Trying
джейн,Jane
недавно,recently
слава,glory
мужчины,men
семь,seven
жив,alive
придет,will come
команда,command
месье,Monsieur
друзьями,friends
делаем,We do
первая,First
вашем,yours
дэнни,Danny
навсегда,forever
слышу,I hear
фото,a photo
общем,general
земле,Earth
новая,New
начали,Started
удалось,managed
понравится,I like it
помните,Remember
главное,main
единственная,The only one
звонил,Called
новые,New
будущее,future
огонь,the fire
защитить,protect
самой,yourself
услышать,hear
стоило,It was worth it
любил,I loved
никак,no way
купил,bought
попробовать,Try
близко,close
делу,business
страшно,fearfully
менее,less
хорошее,Good
жену,wife
делала,I did it
семье,family
алекс,Alex
делали,did
заставить,Make it
смысл,meaning
тюрьме,prison
получается,it turns out
ключ,key
благодаря,thanks to
живет,Lives
подальше,away
получила,received
звонок,Call
секс,sex
неправильно,not right
очередь,turn
необходимо,necessary
мертв,dead
пить,drink
дамы,Ladies
секунд,seconds
верить,believe
мэри,Mary
девушку,girl
сон,dream
получили,received
преступления,crimes
платье,dress
силы,strength
двери,Doors
твоем,yours
хорошего,Good
рот,mouth
сделает,will do it
ник,Nick
слышать,hear
оставаться,stay
игру,game
касается,concerns
состоянии,condition
похож,Similar
жду,I am waiting
стоять,to stand
поздравляю,Congratulations
сожалею,regret
землю,Earth
взяли,have taken
разговор,talk
парней,guys
первой,First
суд,court
держись,Hold on
шеф,chef
сможете,You can
сделаешь,You will do it
нового,New
минуты,minutes
оу,OU
ходить,walk
блядь,Fuck
другую,Another
каждого,Everyone
попасть,To get
вперёд,forward
думали,Thought
лично,personally
хватает,Enough
стоп,stop
женой,wife
этими,These
нашем,ours
новую,New
забыла,Forgot
мысли,thoughts
изменить,change
вечеринку,Party
женщину,Woman
однако,but
видимо,Apparently
течение,flow
осторожно,carefully
покое,Sour
нравятся,I like it
бен,Ben
маме,Mom
дали,Dali
джимми,Jimmy
поехать,Go
помощью,help
выше,higher
случайно,by chance
раза,times
задницу,ass
пришло,It came
разумеется,Of course
вещей,of things
ха,Ha
первое,first
отличный,great
вовсе,At all
дэвид,David
лучшее,the best
войны,War
выход,output
смогла,I was able
концов,The ends
садись,Sit down
цель,goal
подруга,friend
плевать,spit
наверно,probably
просил,I asked
забыть,forget
годы,years
дочери,Daughters
красивая,beautiful
офис,office
выяснить,to find out
продолжай,continue
миллионов,millions
единственное,the only thing
счастлив,happy
целый,whole
король,king
адвокат,advocate
нечто,something
ждет,Waiting
убью,I will kill
правила,regulations
дороги,Roads
увидишь,You will see
дала,Dal
занят,busy
народ,people
дни,Days
разница,difference
сожалению,Unfortunately
вау,wow
расскажу,I'll tell you
обоих,both
попробуй,try
найдем,Find
сезон,season
жизнью,life
оставьте,Leave
новое,new
записи,Records
слов,words
it,it
обед,dinner
джеймс,James
адрес,the address
совет,advice
попросил,I asked
подождать,wait
ого,wow
глупо,Stupid
написал,wrote
информацию,information
удар,hit
момента,moment
покажу,I'll show you
ищу,looking for
будьте,Be
пошёл,I went
поскольку,because the
думают,Think
вышел,came out
голова,head
заняться,do
выбора,choice
лица,Faces
свете,light
книгу,book
кино,movie
жены,wives
тюрьму,prison
убивать,kill
останется,will remain
узнала,I learned
доверять,trust
открыть,open
виноват,To blame
узнает,Learn
какую,what
and,and
взяла,I took it
стану,I will become
мамой,Mom
х,X
весьма,Very
большие,Big
восемь,eight
примерно,approximately
покажи,Show me
магазин,shop
дел,cases
сексом,sex
вечера,Evenings
понравилось,liked
снаружи,outside
многое,much
бизнес,business
встреча,meeting
уехать,Leave
чувствовать,feel
договорились,agreed
родителей,parents
смотрю,look
плохой,bad
земли,Earth
рассказала,told
ребёнка,child
считает,He thinks
тони,Tony
мамы,Mom
маму,Mom
выходит,It turns out
слушать,listen
заметил,Noticed
позвонил,I called
сержант,sergeant
большинство,majority
ребёнок,child
книги,Books
врн,VRN
здравствуй,hello
фотографии,Photo
внимания,attention
жертвы,victims
помогу,I will help
попал,I got it
офицер,an officer
встречу,Meeting
двигаться,move
поняли,understood
продолжать,continue
захочешь,If you want
стойте,Stand
вода,water
ёто,Eto
забавно,Funny
сильнее,stronger
идут,Go
отпусти,Let go
шаг,step
хорош,good
подумай,Think
выйдет,It will come out
сюрприз,surprise
дорогу,The road
мысль,thought
скажет,Say
правы,right
любить,be in love
считаешь,You think
твоему,Your
планы,Plans
вечно,forever
вечеринка,a party
дороге,road
каждую,Each
ближе,nearer
больницу,hospital
видео,video
профессор,Professor
больнице,hospital
собираемся,re going
мен,Men
веришь,Believe
побери,Shoot
смогли,They were able
ребят,guys
вернется,will return
полный,full
лейтенант,lieutenant
внизу,at the bottom
документы,the documents
скажем,Let's say
часы,clock
узнали,learned
качестве,quality
поле,field
головы,heads
подходит,fits
t,t
написано,Written
доказать,prove
остался,remained
музыка,music
делом,business
беги,Run
война,war
времена,time
ошибка,error
готово,ready
вставай,Get up
ничто,nothing
ключи,Keys
разговаривать,speak
шутишь,You are joking
следующей,next
видно,it is seen
бабушка,Granny
энди,Andy
вышло,It turned out
мнение,opinion
любят,Love
попросить,Ask
каком,which one
открой,Open
кольцо,ring
сомневаюсь,I doubt
мм,mm
воду,water
бросил,He threw it
вышла,I went out
отдай,Give it
эмили,Emily
живу,I live
ричард,Richard
ранее,previously
рэй,Ray
определенно,definitely
позвони,Call
постой,Wait
приехали,Arrived
начнем,Let's start
кейт,Kate
днем,during the day
имеете,You have
другая,Another
детьми,children
ч,h
кончено,Once
играет,Playing
закончить,finish
несмотря,despite
трубку,pipe
группа,group
пожалуй,perhaps
команды,teams
сердца,hearts
кларк,Clark
главный,main
стране,country
комната,room
хорошим,Good
отдать,Give
вряд,unlikely
такси,Taxi
ухожу,I'm leaving
порядок,order
роль,role
вверх,up
сил,strength
мужчин,men
отцу,Father
самые,The most
легче,easier
наверху,upstairs
секрет,secret
счастлива,Happy
новой,New
настоящая,Real
получше,Better
телефону,telephone
рш,RSh
старик,old man
язык,language
врач,doctor
встретимся,Meet me
шутка,joke
разобраться,understand
пойдет,will go
недостаточно,Not enough
ј,ј
удовольствием,pleasure
прекрасный,beautiful
снять,take off
джонни,Johnny
спросил,asked
большую,Big
одному,One
днк,DNA
говорим,We say
получишь,Get it
едем,We are going
одни,One
молодой,young
o,O
группы,groups
приходится,It is necessary
опасности,Dangers
женщиной,woman
самых,Most
уходить,leave
бобби,Bobby
сто,one hundred
волнует,excites
член,member
каких,what
бросить,Throw
билли,Billy
де,de
принести,bring
первого,First
марк,Mark
кое,some
чертовски,Damn
ублюдок,bastard
работаешь,You work
встречаться,meet
взглянуть,Take a look
боб,bean
такими,Such
квартиру,apartment
позволю,Let me
закон,law
помогает,Helps
сша,USA
спас,saved
закончится,It will end
внутрь,inside
сигнал,signal
мозг,brain
опасно,dangerous
великолепно,fabulous
едва,barely
учитывая,Considering
госпожа,Madam
господь,Lord
убила,Killed
читать,to read
сукин,Sukin
джим,Jim
томми,Tommy
ма,ma
закончили,Finished
помог,Helped
спустя,After
ответить,answer
джей,Jay
потрясающе,Amazing
стол,table
войти,to come in
потеряла,Lost
везде,everywhere
избавиться,Get rid
писать,write
серия,series
компания,company
that,that
убирайся,Get out
лили,Lily
ложь,Lying
настоящее,the present
закончил,finished
костюм,suit
информация,information
шон,Sean
смотрел,watched
всём,Everything
солнце,sun
начинается,It begins
убедиться,make sure
лучшая,The best
передать,transfer to
факт,fact
баксов,bucks
увидела,I saw
тысячи,thousands
память,memory
потеряли,Lost
устал,tired
боишься,Afraid
окно,window
полно,Full
рук,hands
украл,stole
операции,operations
девушкой,girl
бежать,run
двоих,Two
ƒа,ƒa
казалось,It seemed
моём,mine
следы,traces
класс,Class
показания,Indications
придурок,jerk
море,sea
величество,Majesty
возможности,opportunities
держите,Keep
эдди,Eddie
идешь,You go
приказ,order
штука,thing
жертва,victim
оставила,Left
расслабься,Relax
скажете,Say
обещал,He promised
другими,others
самым,Most
билл,Bill
вернулись,Returned
ошибку,error
принимать,take
запах,smell
дон,Don
жил,lived
света,Sveta
достать,Get out
платить,to pay
страны,country
уничтожить,Destroy
предложить,suggest
приходит,Comes
рождество,Christmas
убийстве,murder
собираетесь,Getting to
обожаю,adore
зависит,depends
ждал,Waited
небольшой,small
начало,Start
одежду,clothes
сделку,deal
офисе,office
данные,data
яйца,eggs
найди,Find
знак,sign
клуб,club
c,C.
беспокойся,Bring
ситуации,situations
новость,news
забрал,took away
вовремя,in time
вне,outside
судя,Judging
собака,dog
ситуация,situation
слегка,slightly
появился,appeared
наверх,upstairs
согласно,according to
эрик,Eric
энни,Annie
обсудить,Discuss
чисто,purely
любила,Love
принадлежит,belongs
искал,Searched
красиво,Beautiful
пытались,Tried
причины,causes
песню,song
книга,book
док,dock
директор,director
вашему,Yours
райан,Ryan
джерри,Jerry
ребенком,child
of,of
наркотики,Drugs
анна,Anna
думай,Think
сука,bitch
добраться,get to
зато,but
уровень,level
учитель,teacher
помогать,to help
зайти,Come in
нос,nose
собиралась,Gathered
дважды,twice
генерал,General
работала,worked
ждут,are waiting
лучшие,The best
тише,quiet
сделано,made
выходные,weekend
желание,a wish
доказательства,proof
плохая,Bad
старые,Old
души,Souls
куча,A bunch
использовал,Used
бери,Take it
доступ,access
матерью,mother
туалет,toilet
многих,many
состояние,condition
срочно,urgently
пытаешься,Trying
представляешь,Imagine
выглядеть,to look like
повсюду,everywhere
неправда,not true
неприятности,troubles
взгляд,sight
беременна,Pregnant
брак,marriage
практически,practically
дружище,buddy
песня,song
потерять,lose
знакомы,Familiarized
ммм,mmm
оказался,It turned out
разные,different
исправить,to correct
приехала,I arrived
увижу,I will see
узнаю,I find out
чай,tea
силу,strength
радио,radio
нож,knife
частью,part
расследование,investigation
супер,super
возьмите,Take it
спал,I slept
чушь,nonsense
идеи,Ideas
центр,center
случиться,happen
остальное,rest
глазах,eyes
еда,food
каково,What
написать,Write
мимо,by
спит,Sleeping
чтo,What
джейк,Jake
звук,sound
рука,arm
даст,give
клэр,Clare
обе,both
черту,Damn
система,system
музыку,Music
поезд,train
удивительно,marvelous
пиво,beer
мертва,Dead
суда,ships
кости,bones
уехал,He left
команду,team
устроить,arrange
поеду,I'll go
церкви,churches
боли,pain
in,in
запись,Record
самолет,airplane
дедушка,granddad
первую,The first
заплатить,pay
белый,white
возле,near
вкус,taste
остальных,the rest
судья,judge
имена,names
уходите,Go away
поцелуй,kiss
плохие,Bad
проще,simpler
тест,test
сила,force
решить,solve
солдат,soldier
мальчика,boy
мартин,Martin
смысла,meaning
рода,kind
безумие,madness
выбрал,I chose
следовало,It should
принес,Bring
камеры,cameras
постели,bed
способен,capable
остается,It remains
земля,Earth
чак,Chuck
головой,head
справиться,cope
лицом,face
суде,trial
третий,the third
плюс,a plus
здание,building
двумя,two
дает,Gives
сказано,It is said
центре,center
кучу,A bunch
называть,call
началось,started
любовью,love
последняя,Last
сходить,go
маленькой,small
сестры,Sisters
завтрак,breakfast
трех,Three
работают,Work
играл,Played
результаты,results
которому,which
стыдно,ashamed
мария,Maria
нe,NE
звонила,Called
звали,The name was
стрелять,fire
слушаю,I'm listening
команде,team
шучу,kidding
пойдешь,You will go
встретил,Meet
возвращаться,come back
продать,sell
называют,called
кэтрин,Catherine
ќ,to
здоровье,health
долг,duty
еды,food
сообщить,to report
оказалось,it turned out
назвал,He called it
полицейский,police officer
даю,I give
разу,once
прекратить,stop
особо,Especially
столь,so
поставить,put
оружия,weapons
вернись,Come back
крис,Chris
остались,remained
ищем,are looking for
человеку,man
имела,had
принесу,I will bring
жене,wife
устала,tired
ушли,Left
выбраться,Get out
отправить,send
останусь,I will stay
захочет,He wants
похожа,Similar
прошла,passed
прочь,away
поговорю,I'll talk
смотришь,You look
брайан,Brian
держу,I hold
клиент,client
заставил,forced
кусок,piece
квартире,apartment
оставлю,I'll leave it
нравишься,Like
код,the code
впереди,Ahead
значения,meanings
принял,Accepted
важное,Important
старая,Old
рассказывать,tell
сработает,Work
цветы,flowers
уйду,I'll leave
убери,Take away
инспектор,inspector
посмотрю,I'll see
прощай,goodbye
решать,solve
согласна,agree
стив,Steve
реально,really
наедине,alone
карл,Charles
власти,authorities
заходи,Come in
преступление,the crime
полковник,Colonel
сохранить,save
маленькие,Small
явно,Obviously
дженни,Jenny
моими,mine
прекратите,Stop
бумаги,Papers
встречались,Meet
уилл,Will
выбрать,choose
папочка,daddy
страшного,terrible
девушек,girls
привести,bring
защищать,protect
приду,I'll come
прошлое,past
медленно,slowly
девять,nine
сбежал,He ran away
скучаю,I miss
адам,Adam
короля,king
поедем,Let's go
ешь,Eat
вернемся,Let's get back
компьютер,a computer
камеру,camera
линии,lines
видит,sees
плохого,Bad
чувствовал,I felt
осталась,Remained
письма,Letters
жива,alive
новых,new
поймать,catch
роберт,Robert
счёт,check
сбежать,run away
задать,Set
ногу,leg
холодно,cold
кровью,blood
начинает,Starts
душу,Soul
получит,Get it
любимый,favourite
послал,Sent
своём,your own
двадцать,twenty
остановись,Stop
глазами,Eyes
танцевать,dance
ответственность,responsibility
бар,bar
кровати,beds
информации,information
упал,fell
представляю,Imagine
временем,time
позвонила,I called
руками,hands
церковь,church
прекрасная,Beautiful
нибудь,something
колледж,college
чудо,miracle
отношение,attitude
услышал,I heard
дурак,fool
компанию,company
мяч,ball
давать,give
трое,three
комнаты,rooms
рады,Rada
номера,numbers
беспокоиться,worry
продолжайте,Continue
внезапно,suddenly
уходим,We leave
работали,worked
ценю,I appreciate
обвинения,Accusations
положение,position
вызвать,call
читал,read
мальчики,Boys
занимается,engaged
считать,think
специально,specially
убит,Killed
ким,Kim
забрали,They took it
большим,Big
заявление,statement
заставляет,Makes
уходит,Leaving
каждой,Everyone
чудесно,wonderful
прошел,passed
пропал,disappeared
войну,War
me,me
чё,what
урок,lesson
м,m
работой,work
зря,in vain
станешь,You will become
беспокоит,worries
звонит,Calls
судьба,fate
систему,system
брать,take
живут,Live
щрн,Short
мечты,Dreams
вспомнить,recall
мужчиной,man
карты,cards
остановиться,stay
решения,solutions
воздух,air
родился,was born
операция,operation
дэн,Dan
грейс,Grace
телефона,phone
назвать,Name
ход,move
томас,Thomas
жениться,marry
отель,hotel
мозга,brain
разных,different
правило,Rule
мужем,husband
взгляни,Take a look
просила,I asked
школа,school
поступить,to do
придёт,will come
лучших,the best
поступил,entered
вариант,option
закрой,shut the
ищет,Looking
вино,wine
слышите,Hear
бороться,fight
произойдет,will happen
умоляю,I beg
приехать,come
пахнет,It smells
роман,novel
прошлый,last
форме,form
дух,spirit
хорошей,Good
понимает,understands
миру,The world
угу,yes
каждое,Each
похожи,similar
ад,hell
кровать,bed
дождь,rain
оставайся,Stay
герой,hero
пива,beer
связано,related
задание,exercise
ушёл,gone
ждёт,Waiting
проклятье,Damn
садитесь,sit down
умею,I can
встретились,Meet
поможешь,Help
операцию,Operation
вновь,again
люк,Luke
правительство,government
системы,systems
извиниться,apologize
сидит,is sitting
предлагаю,I propose
попросила,I asked
президента,president
банк,bank
лео,Leo
свадьбу,Wedding
убедить,to convince
причин,reasons
возвращайся,Return
которыми,which
убивал,Killed
любое,Anyone
виде,form
нескольких,several
ак,Ak
теб,Teb
проводить,conduct
курс,well
зрения,vision
магазине,store
миль,Miles
секса,sex
миллион,million
едет,Rides
звонить,Call
душ,shower
умру,I will die
алан,Alan
келли,Kelly
адвоката,lawyer
смогут,They can
сзади,behind
баре,bar
действовать,act
убрать,put away
будущем,future
отдал,gave
болит,hurts
детям,children
рассказывал,told
узнаем,We will find out
срок,term
джона,John
ног,legs
малышка,baby
занимаюсь,I am engaged
свадьбы,Weddings
глубоко,deep
позади,behind
значение,meaning
волнуйтесь,worry
ходил,walked
обязан,must
душе,Soul
ю,Yu
пит,Pete
интервью,interview
элли,Ellie
фунтов,pounds
джентльмены,Gentlemen
сыном,son
святого,saint
кабинет,cabinet
счастье,happiness
тьi,ti
цру,CIA
основном,Mainly
смотрит,Looks
лучшим,the best
труп,dead body
предложил,offered
давление,pressure
занимался,Engaged
желаю,wish
отдел,Department
душа,soul
мамочка,mommy
скотт,Scott
выиграл,won
армии,Army
дин,Dean
ситуацию,situation
ничем,nothing
имеют,have
цели,goals
умирает,dies
святой,Saint
билет,ticket
погиб,Died
подобного,Similar
справлюсь,I can handle it
просить,ask
отеле,hotel
камень,a rock
некоторое,Some
носить,wear
отдохнуть,relax
бывший,former
трогай,Try
горжусь,I am proud
итоге,Condition
страх,fear
случается,It happens
купила,I bought it
принесла,Bring
считаете,You think
сумасшедший,crazy
исчез,Gone
контролировать,to control
получу,I will get it
начинаю,Starting
встать,get up
спрашиваю,I ask
петь,sing
красный,red
некоторых,Some
тед,Ted
выходи,Come out
возрасте,age
отпечатки,Prints
страну,country
ван,van
следить,track
держаться,hold on
штаны,pants
полной,complete
красивый,beautiful
удовольствие,pleasure
победить,win
ура,Hurrah
действия,actions
чарльз,Charles
уши,ears
сотни,Hundreds
несчастный,unhappy
хозяин,master
кевин,Kevin
признать,Recognize
мозги,brain
окна,window
этo,This
цвет,Colour
энн,Ann
название,title
показалось,It seemed
данный,the
занята,busy
шериф,sheriff
тип,type
приходить,come
морган,Morgan
появится,will appear
we,We
данных,data
провел,Spended
идеально,ideally
умрет,It will die
уолтер,Walter
прошли,passed
люси,Lucy
эбби,Abby
тюрьмы,prison
лекарство,medicine
классно,cool
защиты,protection
работаем,We work
надеялся,Hoping
живёт,Lives
отвали,back off
целую,kiss
королева,queen
сидел,Sitting
m,m
улицу,Street
бросила,Threw it
доброй,Good
подобное,Similar
поблагодарить,give thanks
расскажите,Tell us
ќе,b
ожидал,Expected
самому,Himself
сестру,sister
вытащить,pull out
вкусно,yummy
оставили,left
грудь,breast
выиграть,win
принеси,Bring
животных,animals
собственной,own
гей,gay
дому,home
прием,Reception
кухне,kitchen
волноваться,worry
количество,number
вторая,The second
встрече,meeting
узнаешь,You will find out
отвечать,answer
странный,strange
новым,new
таблетки,tablets
твоём,yours
убьет,Kill
изменилось,Changed
выпьем,Let's drink
мужчину,man
закончилось,It ended
половину,half
ханна,Hannah
побыть,to stay
мёртв,dead
огромное,Huge
сделайте,Make it
передай,Give it
сядь,Sit down
замок,lock
учиться,to study
отпустите,Let go
счастливы,Happy
настоящие,Real
участок,site
деньгами,money
вечеринке,Party
лекарства,Medicines
гости,guests
ведет,leads
стараюсь,trying
дерьма,shit
великий,great
попытаться,to attempt
собирались,Gathered
богом,God
связаться,contact
поесть,Eat
лучшего,the best
слухи,gossip
любого,Anyone
наоборот,vice versa
пригласить,to invite
братом,brother
умеешь,You know how
братья,Brothers
отвечает,answers
проходит,passes
ниже,below
спроси,ask
зубы,teeth
парню,guy
поверьте,Believe me
нашему,ours
власть,power
девчонка,Girl
т,t
районе,area
погодите,Wait
воспоминания,memories
спала,sleeping
on,on
контроль,control
списке,list
естественно,naturally
автобус,bus
положи,put
женат,married
лежит,Lies
вызов,call
считают,think
короче,shorter
пяти,Five
скучно,boring
появилась,appeared
тренер,trainer
делайте,do it
общего,general
игре,game
живо,lively
песни,songs
вечеринки,Parties
придумал,invented
попала,I got it
убивает,Killing
отправил,Sent
he,he
клиентов,customers
черный,black
забыли,forgot
чувствует,Feeling
пригласил,invited
ресторан,restaurant
кэти,Katie
плохое,bad
копы,cops
увидите,See
ќо,ќ
включая,including
улики,evidence
ларри,Larry
придумать,come up with
процесс,process
проект,project
лесу,forest
дорога,road
службы,services
очки,glasses
живой,alive
жертв,victims
бля,fucking
счастью,happiness
бойся,Fear
болезнь,disease
расскажешь,Tell me
женщине,woman
семьей,family
создать,create
приходил,Came
майор,Major
перестать,stop
хороша,Good
пользу,benefit
умный,smart
классе,class
надеяться,hope
перерыв,break
проверь,Check
остров,Island
ќн,ќn
сесть,Sit down
собираются,Gathering
ответил,replied
хрена,crap
чикаго,Chicago
точки,Points
множество,a bunch of
столе,table
элизабет,Elizabeth
позволил,allowed
само,Sam
убьют,will kill
робин,Robin
кошмар,nightmare
рукой,hand
совпадение,coincidence
имеем,We have
занимаешься,You are engaged
убийцы,the killers
поймали,Caught
is,IS
присоединиться,join
официально,officially
принцесса,princess
понимать,understand
терпеть,tolerate
ть,t
любим,love
суть,The essence
первые,The first
полегче,easier
ими,them
правде,Truth
заботиться,take care
поднять,Raise
болен,is ill
попробуем,Let's try
бояться,afraid
голоса,vote
радостью,joy
покинуть,Leave
оказаться,be
обнаружили,discovered
постель,bed
отойди,Fasten
жили,Once upon a time
шлюха,whore
памяти,memory
опыт,experience
последней,last
вызывает,Calls
буквально,literally
ненадолго,not for long
всякий,any
собрать,Collect
половина,half
жила,lived
думаем,We think
смертью,death
чёрта,Damn
тему,topic
дольше,longer
пятницу,Friday
любите,Love
статус,status
стивен,Stephen
успокойтесь,Calm down
ненавидит,He hates
замужем,married
праздник,celebration
источник,a source
телевизор,TV set
откройте,Open
интересует,Interested
груди,breasts
попробую,I'll try
грузовик,truck
беру,I take it
улицы,streets
начальник,Chief
девочек,girls
ищешь,Looking for
провели,Spent
местах,places
ди,di
лаборатории,laboratories
фил,Phil
первом,The first
получите,Get it
эндрю,Andrew
разберусь,I'll figure it out
одолжение,favor
познакомились,We met
оказывается,turns out
уехала,left
нелегко,not easy
причине,reason
чек,check
элис,Alice
избежать,to avoid
представь,Imagine
карту,card
важнее,more important
полчаса,half an hour
побольше,More
убийцу,The killer
собаку,Dog
умеет,Able
заплатил,Paid
ударил,hit
контракт,the contract
марти,Marty
свидетель,witness
полу,Paul
любимая,darling
поговори,Talk
артур,Arthur
ошибки,Errors
бой,the fight
цвета,colors
ветер,wind
руке,hand
тоби,Toby
виски,whiskey
принц,prince
звоню,I'm calling
другому,another
счета,accounts
ощущение,Sensation
внимательно,attentively
домом,home
днём,In the afternoon
попали,hit
ќет,He
ванной,bathroom
согласны,agree
роли,Roles
найдешь,You will find
целью,The goal
ерунда,nonsense
лошадь,horse
словами,words
рак,cancer
извиняюсь,I'm sorry
предупредить,warn
узнают,Learn
смей,Smell
проходите,Come on
полная,Complete
готовить,prepare
вернётся,will return
штата,state
рейчел,Rachel
класса,class
мертвы,Dead
путешествие,travel
стены,walls
чувствовала,I felt
достал,I got it
знаком,sign
свободу,Freedom
теми,those
звонки,calls
закрыть,Close
молли,Molly
шум,noise
небольшая,Small
осторожнее,Caution
надолго,For a long time
дерево,tree
папой,dad
вину,guilt
сильный,strong
войне,war
странное,Strange
эмма,Emma
бежим,Run
бедный,poor
энергии,energy
кафе,a cafe
спишь,Sleep
квартира,apartment
показал,showed
больницы,hospitals
начинать,start off
впечатление,impression
спину,back
схожу,I'm going
виновата,To blame
ждала,Waited
кейси,Casey
сквозь,through
джесси,Jesse
разговаривал,Talking
ћы,ћ
джереми,Jeremiah
зад,ass
любую,Any
секундочку,Second
придут,They will come
колени,lap
выгляжу,I look
отвезти,Take away
миллиона,million
управлять,to govern
останешься,You will stay
q,Q.
горло,throat
субботу,Saturday
именем,name
отказаться,refuse
париж,Paris
бред,rave
билеты,Tickets
сработало,It worked
d,D.
my,My
старший,older
умирать,die
немножко,A little
спрашивал,He asked
представляет,is
начинай,Start
жертву,victim
находиться,be
спросила,asked
девчонки,Girls
ордер,order
дышать,breathe
написала,wrote
увидит,See
свадьба,wedding
совершил,committed
харви,Harvey
колледже,College
чертов,Damn
сообщения,messages
нил,Nile
помощник,assistant
выходить,go out
удастся,will succeed
капитана,Captain
спиной,back
страна,country
перезвоню,I will call you back
ответы,Answers
согласился,agreed
зная,Knowing
скорость,speed
парк,the park
иисус,Jesus
салли,Sally
одновременно,simultaneously
мэтт,Matt
метров,meters
поведение,behavior
камера,camera
ангел,angel
пройдет,will pass
возвращается,Returns
занять,take
контролем,control
отказался,Refused
заметила,I noticed
зла,evil
заслуживает,deserves
дворе,courtyard
золото,gold
ящик,box
детали,details
мсье,Monsieur
положить,put
проверю,Check
анализ,analysis
пошло,It went
извинения,apologies
пытаемся,Trying
боится,fears
фильма,film
поймал,Caught
доверяю,I trust
девушке,girl
мишель,Michelle
разрешение,permission
отношений,relationships
станции,Stations
звони,Call
займусь,I'll take it
чувствуете,Feel
подойди,Come
джейсон,Jason
мэр,mayor
переживай,Really worry
доктором,Doctor
здания,building
живых,living
заберу,I will take it
личное,Personal
воскресенье,Sunday
вселенной,universe
использует,Uses
убей,Kill
напоминает,reminds
кабинете,cabinet
палец,finger
глава,chapter
лагерь,camp
отношениях,relationship
секреты,Secrets
верите,Believe
волос,hair
каждая,Each
джош,Josh
отпустить,let go
необходимости,need
врать,lie
браво,Bravo
увидели,See
ходит,Walks
результат,result
фильме,film
мясо,meat
группу,group
признаться,confess
оказалась,It turned out
джин,gin
налево,left
выжить,survive
займет,Take it
пропустил,missed
использовали,Used
большого,Big
держит,Holds
одиночку,Loner
одежда,clothes
оливер,Oliver
дл,dl
старой,Old
дают,Give
доктору,doctor
пропала,Gone
ком,com
помни,Remember
нашими,ours
марта,Martha
потребуется,would need
играешь,You play
научиться,learn to
грустно,sad
картер,Carter
играю,I play
бомба,bomb
дитя,child
начну,I'll start
хмм,hmm
двигайся,Move
клубе,club
пациент,a patient
звезда,star
пойдёт,will go
красивые,Beautiful
позабочусь,I will take care
постараюсь,will try
забудьте,Forget
позаботиться,Take care
быстрей,Faster
крайне,Extremely
корабля,ship
надежда,hope
посреди,in the middle
провела,Spent
стоял,stood
хэнк,Hank
штук,things
наплевать,I don't give a damn
обсуждать,discuss
свободен,free
занимались,engaged
аминь,Amen
найдут,They will find it
боялся,I was afraid
найдём,Find
сестрой,sister
работаете,Work
пальцы,fingers
понедельник,Monday
ужасный,horrible
вернешься,You will return
живешь,Live
опоздал,late
сумку,bag
старше,Older
хрень,crap
встретила,I met
скорей,Hurry
ти,TI
терять,lose
считал,I counted
нигде,Nowhere
получает,Gets
ровно,smooth
особенного,Special
what,What
несомненно,Undoubtedly
водой,water
каждом,Everyone
скучать,miss
софи,Sophie
будущего,future
америке,America
мэгги,Maggie
гостей,guests
каждым,Each
надеть,put on
второе,Second
сне,dream
ужас,horror
воспользоваться,take advantage
карен,Karen
доказательств,evidence
проблему,problem
след,track
требует,Requires
барри,Barry
мистером,Mr.
напротив,against
мест,places
движение,movement
прошлого,of the past
отчет,report
обычный,normal
приедет,will come
мечта,dream
связаны,connected
штуку,thing
подумали,Thought
заметили,Noticed
прям,Straight
начнём,Let's start
проверил,Checked
твоими,yours
попытка,attempt
франции,France
рисковать,to risk
джефф,Jeff
заслужил,deserved
алиби,alibi
отстой,sucks
жди,Wait
простой,simple
отпуск,vacation
виделись,We saw each other
условия,terms
изменился,Changed
захотел,Wanted
гений,genius
детстве,childhood
меч,sword
лето,summer
послушать,listen
собрались,Gathered
огромный,huge
обвинение,Accusation
девочку,girl
собственный,own
программу,Program
вещах,things
пёп,dog
мю,Mu
полное,Complete
украсть,steal
спрашивать,to ask
неловко,awkward
найдите,Find
помогла,Helped
начинаем,begin
совета,Council
сомнения,doubts
сучка,bitch
небо,sky
сражаться,fight
позвонили,They called
желания,Desires
стене,wall
подружка,Girlfriend
заняты,busy
людях,people
пола,Paul
ла,La
шансы,Chances
представление,representation
открыл,Opened
драться,fight
поиграть,Play
рик,Rick
заходите,Come in
дашь,Give
бо,Bo
сериале,series
клиента,client
плакать,cry
парке,Park
this,This
следующем,next
требуется,Required
риск,risk
врача,doctor
сверху,above
лице,face
хороших,Good
поставил,set
простить,Forgive
разрешения,permission
лес,forest
пенни,a penny
горы,the mountains
последнюю,Last
ќу,ќ
собаки,dogs
отдела,department
съесть,Eat
ай,ay
лиза,Lisa
пытаются,Trying
нравилось,I liked it
счастливой,Happy
личность,Personality
минимум,minimum
су,Su
тетя,aunt
встретить,meet
лондон,London
болезни,diseases
выйду,I will go out
донна,Donna
мари,Marie
привело,brought
приняли,Accepted
заново,Reveal
приходи,Come
зло,evil
оружием,weapons
продал,Sold
обнаружил,discovered
взгляните,Take a look
поделать,To do
встречался,Meet
управление,control
арестовали,Arrested
украли,Stole
уме,mind
выстрел,shot
круг,circle
наблюдать,observe
джеки,Jackie
близки,close
пытаясь,Trying
элисон,Alison
отвратительно,Disgusting
поехал,I went
норме,norm
стоят,They stand
пальцев,fingers
полном,complete
выглядят,Look
саймон,Simon
следов,traces
крутой,steep
бывают,There are
вышли,Come out
создал,Created
ужасное,terrible
зал,hall
псих,crazy
исследования,research
джонс,Jones
говорится,It is said
животное,animal
верит,believes
сделка,deal
живым,alive
мистеру,Mr.
форму,Form
наружу,out
оказались,turned out to be
поисках,Search
дочерью,daughter
силой,power
покончить,to end
стену,wall
неожиданно,suddenly
умерли,Died
разум,intelligence
бутылку,A bottle
ответь,Answer
закончила,Finished
роуз,Rose
объясняет,Explains
цена,price
стэн,Stan
н,n
джесс,Jess
ранен,injured
терри,Terry
ходят,Walking
фу,ugh
зале,hall
отдам,I will give
появились,appeared
счастья,happiness
уйди,Go away
искали,Searched
маленькую,Small
ждали,Waited
пьян,Drunk
сперва,first
тим,Tim
кэролайн,Caroline
группе,group
свидетелей,witnesses
собрался,Gathered
армия,army
снимать,take off
своя,own
позвоните,Call
красавица,gorgeous
мо,Mo
охрана,security
добиться,achieve
писал,He wrote
прибыли,arrived
отойдите,Go away
for,for
осторожен,Caution
жарко,hot
закончим,Finish
открывай,Open
агента,agent
голоден,Hungry
ищут,Looking for
безусловно,undoubtedly
отправиться,go
используют,Use
останься,Stay
волнуюсь,worried
управления,management
поиски,search
товарищ,comrade
футбол,football
хелен,Helen
замечательный,great
столом,table
направо,right
плачу,I cry
your,your
борту,side
бесплатно,for free
лицу,face
похороны,funeral
квартиры,apartments
попрошу,I will ask
удобно,conveniently
куплю,I will buy
сцену,scene
книге,book
участие,participation
постарайся,Try
важный,important
клуба,club
виктор,Victor
автомобиль,automobile
америки,America
возьмем,Take it
д,D.
настоящим,real
свадьбе,Wedding
возраста,age
выбрала,I chose
устройство,device
служба,service
пожар,fire
каждому,to each
блять,Fuck
бросай,Throw
тупой,stupid
поработать,Work
молоко,milk
дорогуша,Darling
недалеко,near
выбирать,choose
вскоре,soon
привел,brought
дождаться,wait
превосходно,perfect
произойти,happen
папы,Dad
упала,Falled
объясню,will explain
миром,The world
разговаривали,talked
единственным,The only one
приходят,Come
получим,Get
справишься,You can handle it
туфли,shoes
женаты,married
уильям,William
участвовать,participate
надоело,Tired
искала,I searched
пойдемте,Come on
сыграть,Play
занятия,lessons
англии,England
модель,model
выхода,output
тратить,to spend
взрыв,explosion
смотрела,I looked
пирог,pie
платят,Pay
командир,commander
определить,define
вырос,increased
подозреваемый,suspect
беспокоюсь,I'm worried
большее,More
наблюдения,Observations
беспокойтесь,Conet up
входите,Come in
общества,society
вел,led
нога,leg
сними,with them
второго,second
самую,The most
степени,degree
мастер,master
карта,map
вспомнил,I remembered
хранить,keep
сети,Network
преступник,criminal
сумасшедшая,Crazy
последним,Last
следующее,following
уберите,Remove
газеты,newspapers
роджер,Roger
радость,joy
продолжить,continue
секунды,seconds
лорд,Lord
найдет,Find
ходила,Walked
сплю,I sleep
добавить,add
магазина,store
предпочитаю,I prefer
посмотрел,I looked
корабле,ship
собак,dogs
рождества,Christmas
контакт,contact
папе,Dad
re,re
расстались,broke up
приступ,attack
джейми,Jamie
дружок,Friend
последнего,last
штат,state
роде,gender
принимаю,I accept
планете,planet
смотрели,watched
л,l
доставить,deliver
заказ,order
напал,attacked
маленьким,small
сбежала,Runned
теле,body
играли,were playing
понравился,I liked it
торт,cake
родителями,parents
благодарен,thankful
чаще,more often
контроля,control
дыхание,breath
приняла,Accepted
устраивает,arranges
дар,gift
настроение,mood
пары,couples
нападение,attack
причиной,reason
no,No
держитесь,Hold on
париже,Paris
установить,install
банка,jar
оставайтесь,Stay
общаться,communicate
сыну,son
закона,law
лоис,Lois
пациентов,patients
родителям,Parents
отправили,sent
продолжим,Continue
выбрали,Choose
убирайтесь,Get out
хорошенько,well
милорд,my lord
сошел,Set down
границы,Borders
некуда,Nowhere
ходили,went
смотрят,Look
острове,Island
восторге,delight
цену,price
летом,in summer
заставила,forced
хорошую,Good
ён,Yon
верни,Return
нравлюсь,I like me
надежды,Hopes
далее,Further
обмен,exchange
враг,enemy
принято,accepted
поля,Fields
повторяю,I repeat
носит,wears
просит,Asks
патрик,Patrick
пари,bet
пугает,scares
оливия,Olivia
талант,talent
сердцем,heart
помогли,Helped
борт,board
отстань,Leave me alone
хрен,horseradish
подарки,gifts
се,Ce
ворота,gates
тайлер,Tyler
рой,Roy
лечение,treatment
одиночестве,loneliness
разговоры,Talk
увидим,See
ждем,we wait
доказательство,proof
уходишь,You leave
счастливого,Happy
звонили,They called
шею,neck
положении,position
глупости,stupidity
угол,corner
постойте,Wait
здании,building
фотографию,Photo
луис,Louis
пользоваться,use
пытаться,try
пишет,Writes
уверяю,I assure
точка,dot
ложись,Lie down
шансов,Chances
видим,See
плана,plan
способности,capabilities
продавать,sell
исключением,exception
оставим,Leave
роза,rose flower
число,number
мусор,garbage
штуки,pieces
женился,married
папу,dad
нанял,hired
помнить,remember
лучшей,the best
выглядите,Look
странные,Strange
водитель,driver
кэрол,Carol
ужасная,terrible
собрание,meeting
обязаны,Obligated
елена,Elena
пальто,coat
солнца,sun
фактически,actually
прекрасна,Beautiful
отличное,Great
сок,the juice
расти,grow
выглядел,He looked
миллионы,Millions
обеда,Lunch
проверьте,Check
хлеб,bread
судить,judge
фамилия,surname
кэрри,Carrie
заплачу,I will pay
четверг,Thursday
арестовать,to arrest
дверью,door
счастливым,Happy
кричать,scream
лестнице,staircase
ээ,uh
скрывать,hide
новостей,news
века,centuries
ми,mi
положил,Put
эшли,Ashley
следовать,follow
эд,Ed
стиле,style
поддержки,support
фургон,van
сью,Sue
коп,Cop
эпизод,episode
ею,She
танец,dance
причину,reason
пример,example
теория,theory
системе,system
воздуха,air
процентов,percent
подняться,rise
концерт,concert
словам,words
маленьких,small
планеты,planets
образ,image
задача,a task
расстроен,upset
вирус,virus
духе,spirit
раны,wounds
сознание,consciousness
эрика,Erika
смех,laughter
собственного,own
правил,Rules
началась,It has begun
почувствовал,I felt
программа,program
относится,Refers
нуждается,Needs
пропустить,skip
провожу,I spend
субтитры,subtitles
защиту,protection
завести,Bind
верну,I will return
глупая,Stupid
столик,table
вины,guilt
напали,attacked
сделаете,Do it
погибли,Died
маленького,small
пуля,bullet
умираю,I am dying
оставлять,leave
послать,send
связан,Related
звезды,stars
каков,what
хуй,Dick
базе,base
спросите,Ask
силах,forces
воде,water
младший,younger
винсент,Vincent
прислал,Send
месяце,month
полицейские,Police
повод,occasion
собственную,Own
остаётся,Remains
джулия,Julia
нравиться,like
пациента,patient
углу,corner
задница,ass
появляется,Appears
тома,Tom
увидеться,see
стрелял,Shot
наркотиков,drugs
слушаешь,You listen
минуточку,Minute
лондоне,London
идёшь,You go
настоящего,present
отвечай,Answer
was,was
разрушить,Destroy
понравилась,I liked it
живы,Alive
пули,Bullets
договор,Treaty
названием,name
самоубийство,suicide
захотите,Want
е,e
боялась,I was afraid
стреляй,Shoot
одежды,clothes
делами,deeds
приглашение,invitation
изо,Izo
покупать,buy
опасность,danger
джули,Julie
очереди,queues
машин,cars
дорого,expensive
ногами,legs
старого,Old
безопасно,safely
ошибся,wrong
лорен,Lauren
танцы,dancing
услугу,service
возражаете,You object
неделя,a week
ответа,answer
защита,protection
позволит,will allow
заметить,notice
барни,Barney
спрашиваешь,You ask
доволен,satisfied
навестить,visit
живот,stomach
успел,managed
дьявол,devil
деньгах,money
устроил,Arranged
уволили,Fired
шанса,Chance
странным,Strange
скорую,Ambulance
кармане,Pocket
чья,whose
хлоя,Chloe
творится,Those going on
освободить,Free
точку,point
этаж,floor
злишься,You are angry
задницы,ass
разговора,conversation
события,developments
бить,beat
мак,poppy
подумайте,Think
владелец,owner
эйприл,April
перестал,Stopped
обоим,both
ем,eat
приготовить,Prepare
глупый,silly
суп,soup
будучи,Being
рикки,Ricky
сделают,will do it
почувствовать,feel
вернёмся,Let's get back
редко,seldom
встречалась,Meet
забуду,I will forget
следи,Watch
свободе,Freedom
l,L.
фотография,photo
исчезла,Gone
небольшое,Small
камер,cameras
начале,beginning
подойти,come up
ааа,aaa
доверие,the trust
заднице,ass
ел,ate
целая,whole
зак,Zak
протяжении,length
неа,nope
свободны,Free
смеяться,laugh
страха,Fear
слева,left
принимает,Accepts
тридцать,thirty
общество,society
кусочек,slice
трёх,Three
джексон,Jackson
подожду,I'll wait
принёс,brought
половиной,Half
проверим,Check
лгать,lie
надеялась,Hoping
находятся,are located
вреда,harm
наказание,punishment
закончу,I'll finish
пулю,Bullet
держал,He held it
едешь,You go
сцене,scene
большего,more
замолчи,Shut up
поддерживать,support
сьюзан,Susan
поедешь,You will go
oн,He
расстроена,upset
тысячу,thousand
сестре,sister
членов,members
мадемуазель,Mademoiselle
прошлым,past
снял,stripped off
безопасность,security
нехорошо,not good
представляете,Imagine
фильмы,movies
джоан,Joan
событий,events
маргарет,Margaret
журнал,Journal
дэниел,Daniel
уроки,lessons
газ,gas
веди,Lead
личности,personalities
выйдешь,You will go out
поверил,I believed
настоящей,real
области,areas
годами,years
поцеловать,kiss
подряд,contract
майка,T -shirt
вера,Vera
больших,Big
странная,Strange
прибыл,Arrived
безумно,Madly
опусти,Lower
полгода,Six months
позволяет,Allows
санта,Santa
вход,input
показывает,Shows
высочество,Highness
хан,Khan
дадим,Let's give it
возможное,possible
действует,acts
должность,position
машиной,car
съел,I ate
all,all
читала,I read
вторник,Tuesday
даёт,Gives
программы,programs
проснулся,awoke
старых,Old
успех,success
любили,Love
картину,picture
службу,service
вдвоем,together
покажите,Show
район,area
касл,CASL
остановите,Stop
аманда,Amanda
прокурор,Prosecutor
заработать,Earn
молчать,Silence
классный,Cool
спенсер,Spencer
ребёнком,child
смит,Smith
дерек,Derek
больна,Sick
солдаты,Soldiers
офиса,office
попробуйте,Try it
поближе,closer
мер,measures
высоко,high
урод,freak
территории,territory
обещание,Promise
играют,Play
бюро,the Bureau
пойми,Understand
этаже,floor
лесли,Leslie
захочу,I want
меняет,Changes
дю,Du
with,with
долгое,Long
спрошу,I'll ask
определённо,definitely
сценарий,scenario
виновен,guilty
вынужден,Forced
движения,movements
друзьям,Friends
шевелись,moved
пей,Drink
десяти,Ten
приятного,pleasant
обращаться,address
дне,day
пакет,plastic bag
береги,Take care
услышала,I heard
стиль,style
поспать,sleep
народа,people
переехать,run over
пост,fast
be,Be
росс,Ross
живем,We live
согласилась,I agreed
звать,call for
следующие,The following
хватило,Enough
начнется,will begin
речи,Speech
отвезу,I'll take it off
продолжает,continues
сеть,network
ведешь,You lead
изменится,Change
нету,no
шутки,jokes
отеля,hotel
правительства,Government
становятся,They become
тени,Shadows
прекрасное,beautiful
найдете,Find
верил,Believed
поблизости,nearby
занимаетесь,You are engaged
делам,deeds
свободы,Freedom
дыши,Breathe
образец,sample
стоишь,You are standing
тедди,Teddy
звонков,calls
поступила,I acted
принесли,have brought
отличие,Difference
by,by
лжи,lies
рассказывала,told
умная,clever
b,B.
замечательная,wonderful
станут,They will
призрак,ghost
переговоры,negotiation
кайл,Kyle
настроении,mood
йюй,yu
хватало,enough
подать,Serve
обсудим,We will discuss
справа,on right
начинают,Start
хо,Ho
попрощаться,say goodbye
искусство,art
правды,Truth
уйдет,will leave
передайте,Submit
проблемой,problem
поддержку,support
позволите,Let it
фрэнки,Frankie
средства,funds
блэр,Blair
фред,Fred
направлении,direction
know,Know
сильная,Strong
научился,Learned
приходилось,had to
остановились,Stopped
ибо,for
ребекка,Rebecca
победа,victory
печально,sadly
счастливо,happily
придешь,You will come
пригласили,invited
пью,drink
зашел,I went in
итан,Ethan
фредди,Freddie
давал,Gave
толку,no avail
точнее,more precisely
бомбу,bomb
кожа,leather
изменил,changed
джека,Jack
аварии,accidents
предстоит,There is ahead
следующая,The next
период,period
подвале,basement
приём,Reception
рай,paradise
жертвой,victim
делах,deeds
убийств,murders
остановился,has stopped
карьеру,career
справедливо,fair
невеста,bride
поступать,to act
напарник,partner
парнями,guys
армию,Army
зеркало,mirror
отличные,Great
идею,idea
заканчивается,ends
относительно,relatively
копов,Kopov
банке,bank
встречается,Found
ум,mind
самим,ourselves
женщинами,women
имели,had
сан,San
выпил,I drank
врачи,Doctors
вред,harm
самолёт,airplane
горе,Woe
наркотиками,drugs
смотря,Looking
рэйчел,Rachel
приходите,Come
р,R
поймешь,You will understand
слышно,heard
построить,Build
получать,receive
концу,to the end
новом,New
товар,product
летать,fly
рон,Ron
занималась,I studied
сознания,consciousness
вызвал,CALL
менеджер,manager
правилам,rules
наиболее,most
шел,Walked
соседи,neighbors
расслабиться,to relax
маркус,Marcus
последствия,effects
нахуй,Fuck
полную,Full
ужасные,terrible
tы,t
уровне,level
сути,essence
спасла,Saved
сошла,Sent
выражение,expression
скрыть,Hide
рюй,Ruy
левой,left
кристина,Christina
чудовище,monster
лу,Lou
заранее,in advance
подойдет,Suitable
скажут,They will say
бет,Bet
дура,stupid
тошнит,be sick
подарил,Give me
сижу,sitting
любопытно,curious
сломал,Broken
подруги,girlfriends
ненавидишь,You hate
умрёт,It will die
президентом,president
забывай,Forget
купили,bought
записку,note
уважения,respect
обещала,promised
существо,creature
ресторане,restaurant
партнер,partner
кожи,skin
навредить,harm
паркер,Parker
проверили,Checked
выпей,Drink
веду,lead
родилась,Born
заставили,Forced
so,so
сегодняшнего,Today
лодку,boat
результате,result
стакан,cup
прочитать,Read
научил,taught
пережить,survive
красавчик,handsome
пойму,I will understand
расследования,investigations
счастливый,happy
учителя,Teachers
добры,Good
лучшему,the best
размер,the size
колледжа,College
интересное,Interesting
ограбление,robbery
линда,Linda
подписать,sign
каждые,Each
пойдёшь,You will go
назвали,They called it
охраны,security
крошка,chit
признание,confession
любые,Any
красота,the beauty
победил,won
уровня,level
сделки,transactions
белого,White
прочим,otherwise
статью,article
мешок,bag
зои,Zoe
лошади,horses
аэропорт,the airport
округе,district
сосед,neighbour
представьте,Imagine
способны,able
ставки,bets
университет,University
почту,mail
просили,asked
ведьма,witch
прелесть,charm
масло,butter
жопу,ass
приеду,I'll come
останови,Stop
классная,Cool
факты,facts
умирают,Dying
полицейского,policeman
луи,Louis
выходите,Come out
городу,city
главным,The main thing
острова,Islands
пил,drank
помнит,Remember
нa,On
остановитесь,Stop
меры,measures
вернутся,will return
рыба,fish
not,not
жалко,it's a pity
линию,line
восстановить,reestablish
лора,Laura
форма,the form
интерес,interest
яд,poison
интернете,Internet
видят,See
приму,I will accept
че,Che
лабораторию,Laboratory
подтвердить,confirm
служить,serve
бывшая,Former
попытался,I tried
угроза,threat
испортил,ruined it
улик,evidence
засранец,Asseck
бетти,Betty
вашингтон,Washington
вправду,Really
коробку,box
позиции,positions
последних,the latter
существуют,exist
показаться,appear
шла,Walked
прокурора,prosecutor
джордан,Jordan
ножом,With a knife
купер,Cooper
микки,Mickey
нэнси,Nancy
забрала,I took it
поделиться,Share
бум,boom
сэмми,Sammy
хожу,I go
проснись,Wake up
лежать,lie
спрашивает,He asks
русские,Russians
уезжаю,I'm leaving
громко,loud
пораньше,Early
кристин,Christine
разговариваю,I'm talking
белые,White
учился,studied
одри,Audrey
шести,six
личные,Personal
сеньор,Senor
отправился,He went
предполагаю,I suppose
запомни,Remember
вашими,yours
падает,falls
заполучить,Get out
майкла,Michael
правильный,correct
прикрытием,cover
грант,grant
винить,blame
мужу,husband
поездка,the trip
искусства,art
детства,Childhood
слушает,listens
помогал,Helped
судьбу,Fate
занимаются,They are engaged
обсуждали,discussed
считается,counts
can,can
отследить,Track
происходило,It happened
встречал,Meet
открою,I will open
окажется,It turns out
подними,Raise
америка,America
встречаюсь,I meet
взрыва,explosion
повторять,repeat
напомнить,remind
лиз,Liz
ведут,lead
don,Don
изменилась,Changed
have,have
больной,sick
do,do
сад,garden
лме,LMA
поговорил,I talked
ева,Eve
лодке,boat
сумму,sum
проверка,examination
местечко,place
поспорить,To argue
поехала,I went
проваливай,Get out
пляже,beach
метро,metro
перестаньте,Stop
отсутствие,absence
пешком,on foot
передо,in front
брюс,Bruce
пригласила,invited
вор,thief
узнаете,Learn
придти,come
гордон,Gordon
казино,casino
тема,theme
скорости,speed
стрит,straight
изменения,changes
губы,lips
боятся,afraid
девочкой,girl
осторожней,Be careful
пуаро,Poirot
вес,the weight
известный,known
гость,the guest
бедная,Poor
менять,change
нравился,I liked it
закончилась,ended
рыбу,fish
непросто,not so easy
бонни,Bonnie
курить,smoke
остальным,the rest
получаю,I get it
угадай,guess
издеваешься,You are kidding
пишу,writing
отменить,cancel
тейлор,Taylor
обратиться,Turn
свинья,pig
врагов,enemies
послание,message
ждешь,You are waiting
желает,Wishes
базу,base
америку,America
влюблен,In love
оскар,Oscar
важная,Important
убивают,Kill
стоить,cost
шоссе,highway
ест,is eating
картины,paintings
позволила,allowed
дорогие,expensive
стюарт,Stewart
шутите,Joking
помогут,They will help
благодарения,Thanksgiving
доброго,Good
убежать,run away
встречаемся,We meet
времен,times
кот,cat
директора,Director
сложнее,more difficult
играем,We play
расскажет,tell
застрял,stuck
сволочь,Bastard
такова,Such
плане,plan
север,north
мальчиков,boys
ян,Yang
действий,actions
высокий,tall
чей,whose
способом,way
саду,garden
карлос,Carlos
стреляли,They shot
снимай,Take off
мечтал,dreaming
сообщили,Reported
проиграл,Lost
реки,Rivers
первых,the first
стою,I'm standing
мальчиком,boy
мотив,Motive
умрешь,You will die
причинить,cause
добра,of good
телом,body
сиди,Sit
бизнеса,business
привела,brought
отдала,I gave it
нечестно,not fair
являются,are
огня,fire
спальне,bedroom
пэм,Pam
полицейских,police officers
снимки,Pictures
брал,I took it
езжай,Go
вали,Vali
эээ,uh
лемъ,Lem
вероятность,probability
ожидала,Expected
монстр,monster
фигня,Figina
ошибаешься,You are mistaken
способна,capable
повторить,repeat
сэма,Sam
народу,people
огромная,Huge
уехали,left
but,but
печенье,biscuit
перейти,Go
привезли,Brought
адвокатом,lawyer
зол,angry
министр,Minister
подобные,Similar
мнению,opinion
кухню,kitchen
побыстрее,quickly
научить,teach
главная,home
хейли,Haley
успеха,success
гиббс,Gibbs
учить,teach
джессика,Jessica
использовала,I used it
братьев,brothers
вторую,second
станем,We will become
just,Just
мороженое,ice cream
справимся,We can handle it
службе,service
заднем,back
вещами,things
совершить,make
трогать,touch
нарушение,violation
звонка,call
oh,OH
начинаешь,Start
туалете,toilet
скорой,Ambulance
воздухе,air
сиськи,boobs
мешать,interfere
какова,what
подери,Search
выходных,weekend
камере,chamber
помешает,It will interfere
спорить,argue
назвала,Name
отомстить,take revenge
ответила,answered
спасли,Saved
специальный,special
майами,Miami
угрозу,threat
сыр,cheese
возвращаюсь,I'm returning
отправила,Sent
удержать,keep
передам,I will transfer
входит,Enters
сорок,fourty
ездить,drive
животные,animals
горит,Burning
задавать,set
встал,got up
маленькое,Small
убьёт,Kill
следующего,next
попозже,later
путем,by the way
брака,marriage
пацан,The kid
состоит,includes
пытаетесь,Trying
ночам,nights
рейс,flight
заменить,replace
зомби,zombie
взрослый,adult
хороши,Good
закрыто,closed
согласиться,agree
удивлен,Surprised
случая,case
героем,hero
винс,Vince
материал,material
реальность,reality
прошёл,passed
бут,boot
рубашку,shirt
ботинки,boots
залог,pledge
разговаривает,Talking
поживаете,Are you
потратил,I spent
соглашение,agreement
подругой,girlfriend
трус,coward
чая,tea
всє,Everybody
местом,place
художник,painter
комиссар,Commissioner
сидишь,You sit
тост,toast
конкретно,specifically
миссия,mission
изменит,Change
брату,brother
сенатор,Senator
угадаю,I guess
любая,Any
снег,snow
выжил,survived
лукас,Lucas
разницы,differences
развод,divorce
берегу,shore
свободна,Free
бей,Beat
бомбы,Bombs
украла,stole
привлечь,attract
приведет,will lead
свобода,Liberty
рассказали,told
уважение,respect
меняется,It changes
поможете,Help
кит,whale
мост,bridge
забери,Take it
правой,right
выступление,performance
священник,Priest
разок,once
кровотечение,bleeding
одиноко,alone
члены,members
отношению,attitude
тётя,uncle
тревога,anxiety
показывают,Show
автор,author
обязана,Obligated
плачет,Crying
понимал,I understood
судьбы,fate
музыки,music
дженна,Jenna
рассказывай,Tell
объект,an object
взамен,In return
бросили,Threw it
сторона,side
крышу,roof
камни,Stones
помогло,Helped
чжин,Jin
автобусе,bus
шли,Walked
красивое,Beautiful
спине,back
смеется,Laughs
убийцей,a killer
беспокойство,anxiety
номере,issue
болтать,chat
обычная,ordinary
хвост,tail
свидетеля,witness
уволить,fire
белье,Lingerie
убежище,Shelter
луна,moon
браун,Brown
тина,Tina
температура,temperature
считаем,We count
возвращения,Return
поездки,trips
правдой,Truth
похитили,They stole
агенты,Agents
миледи,Milady
лемон,Lemon
осторожны,Caution
энергию,energy
берет,beret
молодая,Young
организации,organizations
поддержать,support
возражаешь,You object
аду,hell
стола,table
визит,visit
участке,site
включить,turn on
опасен,Dangerous
приближается,Approaches
нью,New
четырех,four
обстоятельства,circumstances
входи,Come in
чувств,feelings
порой,Sometimes
канал,channel
предположить,assume
признаю,I admit
поторопись,hurry
неудобно,Unknown
личный,private
ам,am
вопросом,question
продолжается,continues
троих,Three
сдать,pass
ждите,Wait
старался,I tried
борьбе,struggle
уилсон,Wilson
чтож,well
советую,I advise
красивой,beautiful
возвращайтесь,Return
крик,Scream
проходи,Come
y,y
удача,luck
искренне,sincerely
гэри,Gary
лидер,leader
влюблена,In love
испугался,Frightened
километров,kilometers
впечатляет,Impressive
жутко,Terrible
деревне,village
самостоятельно,on one's own
набор,kit
арест,arrest
идиоты,Idiots
николь,Nicole
опухоль,tumor
леонард,Leonard
злой,evil
картина,painting
подумаю,I'll think about it
радости,Joy
грей,Gray
объяснение,explanation
бесполезно,useless
эдриан,Edrian
звуки,Sounds
подходящее,appropriate
подпись,signature
собственные,own
говард,Howard
мешает,interferes
сообщил,reported
лана,Lana
течении,the course
лошадей,horses
поиск,Search
ищете,Looking for
вызову,I will call
оборудование,equipment
заказать,to order
заказал,ordered
поверишь,believe
предложения,suggestions
сосредоточиться,concentrate
джонсон,Johnson
жестоко,Cruel
дэйв,Dave
ногах,legs
парочку,A couple
слушал,listened
притворяться,pretend
глупость,Stupidity
беда,trouble
глубже,deeper
границу,border
чёрту,Damn
победу,Victory
лори,Lori
какими,what
влюбился,fell in love
книг,books
попался,I got caught
слышит,Hears
умнее,smarter
нормальный,normal
справится,Cope
зашла,I went in
присаживайтесь,Sit down
приказы,Orders
милые,Lovely
обувь,shoes
гм,um
стекло,glass
главного,the main thing
дед,grandfather
темноте,darkness
ужина,dinner
ночной,night
останемся,Stay
карла,Karl
чаю,tea
кузен,cousin
приходила,Came
прямой,straight
нести,carry
миллер,Miller
реакция,reaction
джорджа,George
большей,more
разговаривала,Talking
собственность,own
стул,chair
линия,line
проводит,Conditions
платит,Pays
горячая,Hot
охрану,guard
эх,eh
натворил,I did it
университете,university
мередит,Meredith
парочка,A couple
пиццу,pizza
вошел,has entered
пятьдесят,fifty
испортить,spoil
попросили,asked
запрещено,forbidden
малыша,baby
морской,nautical
джоуи,Joey
трудом,labor
пусти,Let go
характер,character
выполнять,fulfill
арестованы,Arrested
скучал,I missed it
позор,shame
берите,Take it
вида,species
ванну,Bath
привык,got used to it
поздравления,congratulations
джастин,Justin
важна,Important
желаете,Want
теории,theories
джен,Jen
беспокоить,bother
отце,father
плану,plan
обид,resentment
шее,neck
потише,quieter
are,are
пустой,empty
стефан,Stephen
партии,Parties
моменты,moments
дневник,a diary
принесите,Bring
дадут,Give
никки,Nikki
штатов,states
вечность,eternity
погода,weather
би,bi
понимают,understand
звоните,Call
понимаем,We understand
сходи,Go away
неизвестно,Unknown
начнут,Start
занимаемся,We are engaged
тень,shadow
линдси,Lindsay
остаток,remainder
выразить,express
отделение,Department
кресло,armchair
братан,Bratan
берегись,Beware
целых,whole
эл,El
чо,Cho
исследование,study
используя,Using
херня,Cryny
дрю,Drew
сидела,Sitting
офицера,officer
гас,Gus
тепло,warm
замке,Castle
птица,bird
использую,I use
играла,Played
бегать,run
спокойствие,Calm
неприятно,Unpleasant
потери,losses
установили,Installed
вернул,Returned
интернет,the Internet
домик,house
хей,Hay
четверо,four
считай,Consider
костюме,suit
ведёт,leads
сли,leen
денни,Denny
выиграли,won
чёрный,the black
двигатель,engine
крыше,roof
райли,Riley
эдвард,Edward
ошибкой,error
заплатили,paid
нина,Nina
помимо,In addition
исчезнуть,disappear
босса,Boss
прекрасные,Beautiful
выходной,day off
долю,share
опаздываю,I'm late
почувствовала,I felt
страсть,passion
градусов,degrees
враги,Enemies
отряд,detachment
послали,Sent
покой,peace
ставлю,I put it
ожидать,expect
пульс,pulse
называли,called
грубо,rough
недолго,not for long
пускай,Let
заставило,forced
выхожу,I go out
рим,Rome
показывать,show
дем,Dem
ричи,Richie
врага,enemy
приказал,ordered
нм,Nm
театр,theatre
рид,Reed
наоми,Naomi
ка,ka
гнев,anger
кенни,Kenny
клетки,Cells
приятный,pleasant
полезно,healthy
сна,sleep
творишь,Creating
единственной,The only one
кончится,It ends
здоров,Healthy
нанять,hire
вывести,Bring out
списка,list
успокоиться,Calm down
веру,faith
дочка,daughter
плачь,Cry
оуэн,Owen
сел,Sitting
дама,lady
позволишь,You will allow
ставить,put
конечном,final
днях,Days
клаус,Klaus
разговоров,conversations
используй,Use
пальцем,finger
такому,To this
всяких,Anyone
встань,Get up
починить,fix
терпение,patience
найдется,There is
натали,Natalie
эмоции,emotions
симпатичный,cute
футов,feet
прочитал,read
пропали,Gone
ноль,zero
пространство,space
объяснять,explain
сильным,strong
позвать,call
надежду,Hope
марш,march
важные,Important
благодарна,Grateful
жен,wives
умно,smart
get,Get
событие,event
таков,Such
выполнить,Perform
обязанности,responsibilities
уважаю,I respect
программе,program
сменить,change
брук,Brooke
эксперт,expert
кнопку,button
возвращением,return
бал,ball
крепко,Strong
шампанское,champagne
км,km
ненавидеть,hate
разрешите,Allow
игрок,player
рассчитывать,calculate
спасать,save
роз,roses
кричит,Screaming
кей,Kay
клиенты,Clients
воняет,stinks
прими,Accept
моря,seas
устроим,Let's arrange
капли,drops
начнет,Start
поворот,turn
лагере,camp
втором,second
диск,disk
убита,Killed
верится,believe
законы,the laws
природы,Nature
полон,full
мн,Mn
диване,sofa
допустить,allow
эффект,Effect
предал,betrayed
чемодан,suitcase
нетерпением,impatience
языке,language
энтони,Anthony
тишина,silence
врачу,doctor
планету,planet
следил,Watched
вьi,VI
йо,Yo
поймет,will understand
обстоятельствах,circumstances
юг,south
трусы,underpants
изнутри,From the inside
бывшей,Former
выясним,Find out
пропустила,missed
отделе,department
тщательно,thoroughly
хранилище,storage
магия,magic
рынок,market
английский,English
согласились,agreed
удивлена,Surprised
небе,sky
холли,Holly
расходы,expenses
следующим,next
рэнди,Randy
увидят,They will see
средств,funds
детектива,Detective
пирс,pier
утверждает,claims
молодых,young
стреляйте,Shoot
невиновен,Invited
взрослые,Adults
извиняться,apologize
коем,what
луиза,Louise
вела,led
питера,Peter
золотой,gold
клара,Clara
даг,Dag
студии,Studios
смириться,come to terms
личного,personal
личной,personal
водить,drive
покинул,He left
боги,gods
болван,Bolvan
позицию,position
посадить,Plant
марко,Marco
делается,Made
опыта,experience
пробовал,I tried it
поживаешь,Are you
плохих,Bad
out,out
минутка,Minute
настоящую,Real
приговор,sentence
дышит,Breathing
янг,Young
джонатан,Jonathan
жених,groom
борьбы,struggle
груз,cargo
называешь,You call it
формы,Forms
лекс,Lex
поставь,Put
сигареты,cigarettes
наполовину,half
ин,In
меню,menu
нахожу,I find it
лиам,Liam
выглядела,She looked
ходишь,Walking
паспорт,the passport
читаю,I read
вызвали,called
г,G
кольца,rings
ухо,an ear
up,Up
просим,Please
мэй,May
диана,Diana
передал,I gave it
переехал,He moved
записать,Record
средство,means
месть,revenge
солнышко,sun
эли,Eli
досье,Dossier
пределами,limits
отказалась,Refused
способность,ability
всякие,All sorts
александр,Alexander
меган,Megan
достану,I will get it
прятаться,hide
удовольствия,pleasure
мэтью,Matthew
медсестра,nurse
голубой,blue
бассейн,swimming pool
чести,honor
поднимайся,Get up
длинный,long
присядь,Sit down
бабушки,Grandmothers
джеффри,Jeffrey
пойдут,They will go
условиях,conditions
чжу,Zhu
ищите,Look
молод,young
сегодняшний,Today
проснулась,woke up
крики,Screams
трюк,trick
мэтти,Matty
виктория,Victoria
горячий,hot
мудак,asshole
членом,member
шкафу,cabinet
страдать,suffer
тв,TV
хаус,House
иск,lawsuit
старую,Old
заставит,will make
приготовила,Cook
знай,Know
помогаю,I help
задумал,conceived
знакомо,Familiar
особенное,Special
бросьте,Throw it
центра,center
справился,He coped
бегите,Run
духа,spirit
поговорили,We talked
гордиться,be proud
тайна,secret
обеих,both
рынке,market
дафни,Daphny
алисия,Alicia
филипп,Philip
командой,team
старым,Old
небеса,heaven
ударить,hit
пострадал,Suffered
всяком,Everyone
руль,steering wheel
сомнений,doubts
пушку,gun
открыто,open
коул,Cole
поезда,Trains
идей,ideas
подозреваемого,suspect
ќни,ќny
заслуживаешь,You deserve it
юн,Yun
получаешь,You get it
восхитительно,delightful
американцы,Americans
сердцу,heart
спрашивала,I asked
темно,dark
мертвых,dead
принца,Prince
строить,build
американский,American
салат,salad
грязные,dirty