Turkish,English
bir,a
bu,This 
ne,What
ve,and
için,for  
mi,mi
de,also
o,he is
ben,I
çok,lots
ama,but
evet,Yeah
var,there is
da,in
mı,is it
değil,not
şey,thing
hayır,no  
daha,more    
sen,joyful
kadar,until
bana,to me
gibi,like
bunu,this
yok,none 
onu,him-her-it
iyi,good
tamam,ok
beni,me  
seni,you
benim,Mine
her,each
sana,to you   
ki,that
neden,why
ya,or
sadece,only
zaman,time
senin,your
burada,here
olduğunu,that
nasıl,How
hiç,none
sonra,Then
şimdi,now
en,most
öyle,so 
mu,is it
şu,this
misin,will you
önce,before
biraz,a little
hadi,come on
güzel,beautiful
musun,are you
oldu,happened
yani,well
ona,him
böyle,like this
İyi,Good   
onun,her
bile,even    
lütfen,please   
bak,look
eğer,if
peki,alright
çünkü,because
artık,now    
gerçekten,really
geri,back
biliyorum,I know
istiyorum,I want
kim,who
başka,other
olarak,aspect
belki,maybe
tek,only
doğru,TRUE
büyük,big
olan,the one which...
biri,somebody
bay,Mr
buraya,here
olur,It is possible
in,of
adam,man
ile,with
olacak,it will be
hey,Hey
hiçbir,no
biz,we
demek,means
sanırım,I guess
yardım,help
ın,of
bilmiyorum,I do not know
bunun,this
teşekkürler,thanks
tüm,all
gün,day
yeni,new
fazla,more
ederim,thank you
nerede,where
tanrım,God
merhaba,Hello there
efendim,sir
a,A
şeyi,thing
orada,there
gece,night
son,end
kötü,bad
şeyler,things
biliyor,he knows
harika,wonderful
iki,two
sorun,problem
et,meat
İşte,Request
bütün,all
tam,full
gerek,necessary
siz,you 
diye,saying
hemen,now
ol,die
üzgünüm,I am sad
küçük,small
olabilir,it could be
olsun,never mind
i,I
size,to you
bayan,Lady
aynı,same
hakkında,about
teşekkür,Thanks
gel,come
tabii,of course
yüzden,so
onları,Them 
kız,girl
kendi,own
devam,continue
nin,n
bize,to us
e,to
ver,give
oluyor,is happening
izin,permission
iş,business
bizi,we
buna,this
selam,hi
anne,mom
vardı,there
bizim,ours
geldi,came
sizi,you
baba,father
dur,Stop
aslında,actually
seninle,with you
asla,never
göre,according to
kimse,nobody
özür,apology
değilim,I am not
oh,oh
önemli,important
git,go
hala,still
işte,Request
tekrar,again
yoksa,or?
içinde,inside
nın,nin
benimle,with me
mısın,will you
mü,is it
yine,still
bence,in my opinion
haydi,lets
şekilde,in the way
olmak,be
bugün,today
söyle,say
pekala,ok
birlikte,together
para,money
olmaz,it is not possible
uzun,long
onunla,with him
bakalım,let's see
zaten,already
biliyorsun,you know
ilk,first
al,get
geliyor,coming
lazım,required
dostum,mate
üç,three
dakika,minute
onlar,them
gerçek,real
emin,sure
birkaç,a few 
herkes,everyone
saat,hour
söyledi,told
istiyorsun,you want
ister,whether...or
pek,much
yapıyorsun,you do
eve,home
miyim,am I
ı,I
yıl,year
çocuk,child
hep,always
şunu,that
neler,what
yer,Location
dilerim,I wish
sizin,yours
bekle,wait
bırak,leave
olduğu,is
ilgili,relating to
gidelim,lets go
nedir,why
yere,to the ground
etmek,to make
dan,from
olmalı,must be
kaç,how much?
istemiyorum,I don't want
nereye,to where?
lanet,curse
hepsi,all
un,Fame
buradan,from here
an,moment
burası,here
az,little
karşı,against
çocuklar,Children
eski,old
hazır,ready
kendini,self
gerekiyor,needed
ediyorum,I'm
fakat,but
kesinlikle,definitely
benden,from me
kadın,woman
söz,promise
yapmak,make
tane,unit
zor,difficult
işe,if
anda,at the moment
diğer,other
dinle,listen
işi,heat
bunlar,these
görmek,to see
kişi,person
niye,why
kabul,acceptance
seviyorum,I like
istiyor,wants
aman,Oh
misiniz,Are you
yarın,tomorrow
zorunda,must
tanrı,God
bundan,from this
kez,times
İki,Two
sağ,right
elbette,of course
gidip,go and go
falan,like
tatlım,sweetie
yanlış,false
hoş,pleasant
hem,both
senden,from you
onlara,to them
doktor,doctor
hafta,week
özel,special
yemek,food
yapma,don't do that
kontrol,control
oraya,to there
gereken,required
yerde,on the ground
ediyor,in
geç,late
mutlu,happy
bazı,Some
dedim,I said
birini,one
hâlâ,still
ye,eat
ondan,from him
eminim,I am sure
ayrıca,Moreover
dışarı,outside
bakın,Look
nereden,Where from
gitti,gone
beri,since
edin,get
etti,he
yalnız,alone
ah,Ah
erkek,male
yalan,lie
merak,curiosity
gördüm,I saw
insan,human
değildi,it wasn't
polis,police
görüşürüz,see you later
dün,yesterday
ihtiyacım,I need
insanlar,people
musunuz,Are you
babam,my father
haber,news
gidiyor,going
la,La
olmuş,dead
yi,yi
akşam,evening
pekâlâ,ok
ha,Ha
geçen,last
sakin,do not
sanki,as if
den,from
nefret,hate
sabah,morning
dikkat,Caution
beş,five
karar,decision
umarım,hopefully
yaptım,I did
veya,or 
çabuk,quick
etme,relief
yerine,in its place
ay,moon
farklı,different
sonunda,finally
üzerinde,on
olması,to be
gördün,you saw
sence,what do you think
değilsin,You are not
aptal,silly
kendimi,myself
ettim,I
tamamen,completely
oldukça,increasingly
kendine,yourself
fark,difference
yeter,enough
boyunca,along
vardır,has
bunları,these
olduğumu,that I am
su,this
tarafından,by
yı,yi
kes,cut
birşey,something
annem,My mother
öldü,died
u,U
neyse,anyway
istediğim,what I want
olursa,if it
açık,open 
dünya,world
adı,First Name
yap,do it
İlk,First
hangi,which
söyledim,I told
yaptın,you did
dört,four
aldım,I bought
dolar,dollar
olamaz,I can't be
görünüyor,it looks
birisi,someone
yüzünden,because
olsa,though
kolay,easy
yoktu,did not have
bende,me too 
adamı,man
be,ben
beraber,together
konuşmak,talk
bazen,sometimes
buldum,I found
dedi,said
ise,if
ancak,however
yanında,beside
sahip,owner
olmadığını,not
yol,path
gelecek,future
yapıyor,doing
başına,per
gitmek,to go
bitti,finished
geldim,I came
tabi,subject to
evde,at home
henüz,yet
onların,they
anlıyorum,I understand 
cevap,reply
yolu,way
zamanı,the time
genç,youth
öyleyse,then
almak,to take  
yardımcı,helper
kahretsin,damn it
oldum,became
konusunda,about
kal,remain
günü,day
adamın,your man
takip,follow-up
ateş,fire
durum,situation
nun,nun
söylemek,say
azından,at least
adım,my name
eder,eligible
düşündüm,I think
le,le
istedim,I wanted
neredeyse,almost
muhtemelen,probably
düşünüyorsun,you are thinking
mükemmel,perfect
yaptı,made
ciddi,serious
sanmıyorum,I don't think so
olun,be
içeri,inside
ev,house
herhangi,any
yeniden,again  
boş,null
altında,under
vay,Wow
kan,blood
ara,Search
göz,eyelash
halde,in case of
düşünüyorum,I'm thinking
hızlı,fast
süre,duration
miyiz,Are we
oğlum,my son
aç,hungry
uzak,far
duydum,I heard
konuda,on the subject
sakın,do not
işin,ray
şeyin,your thing
gelen,incoming
çıktı,output
saniye,second
garip,strange
john,John
araba,car 
jack,jack
gidiyorum,I'm going
yakın,near
arada,in between
olduğuna,that
on,front
hayatta,in life
alo,Hello
anladım,I understand
çalışıyorum,I am working
hayal,dream
söylüyor,says
hayatım,sweetheart
galiba,I guess
kaldı,remained
rahat,comfortable
canım,My dear
sürü,herd
kimin,who's?
bilirsin,you know
olacağım,I will be
dersin,you say
hepimiz,we all
adamım,my man
çeviri,translation
bebeğim,my baby
ortaya,reveal
verdi,given
başladı,started
hayat,life
ta,ta
gelip,come and come
şeye,to what
çalışıyor,WORKING
sende,You too
yaptığını,what you do
güçlü,strong
olay,event
hatta,even
durumda,in the case
arkadaşım,my friend
bebek,baby
çocuğu,child
savaş,war
şeyleri,things
kesin,definite
geldin,You came
komik,comic
böylece,so
arasında,between
hava,weather
altı,six
haklısın,you're right
hareket,movement
bin,thousand
soru,question
acaba,I wonder
güle,bye
üzerine,over
sürekli,continually
gelir,income
şuna,to this
ihtiyacı,need
şaka,joke
telefon,phone
kardeşim,my brother
olacağını,that
varsa,if any
yapacağım,I will do
silah,weapon
oyun,the game
olmadan,without
kısa,short
el,hand
birinin,someone
terk,abandonment
kızı,daughter
ait,belonging
acele,rush
etmeye,to do
gizli,hidden
zamanda,at the time
dans,dance
daki,in
diyorsun,you say
yeterince,enough
baban,your father
verdim,I gave
evlat,son
zarar,damage
uygun,suitable
dışında,outside
günaydın,Good morning
geçti,passed
olmayacak,will not be
yolunda,on the way
memnun,pleased
kapıyı,the door
hepsini,all
fikir,idea
aynen,exactly
hissediyorum,I am feeling
tür,kind
olurdu,would be
verin,give
beyler,gentlemen
tuhaf,strange
değildir,not
gidiyoruz,We are going
yüksek,high
rahatsız,uncomfortable
olmadı,It didn't happen
new,New
gidiyorsun,You are going
geceler,nights
siktir,Fuck
kere,times
yaşlı,old
sam,Sam
iyiyim,I'm fine
korkunç,terrible
sanıyordum,I thought
aldı,took
gerektiğini,what
çıkar,interest
gelin,bride
herif,guy
içine,into
nasılsın,how are you
veriyorum,I give
eden,driving
dolu,full
neyi,what
parayı,the money
bilmek,to know
sevindim,I am pleased
edecek,to be
beyaz,white
durun,stop
sanıyorsun,you think
mümkün,possible
varmış,there
belli,clear
tahmin,prediction
sensin,you are
ölüm,death
şöyle,like this
biliyordum,I knew
mısınız,Are you
yapamam,I can't do it
ediyorsun,you are
vermek,to give
çeneni,your jaw
acı,Angle
yakında,soon
neydi,what was it
hasta,patient
yalnızca,Only
geliyorum,I'm coming
annen,your mother
berbat,wretched
yapmaya,to do
istedi,wanted
üzere,as well as
İçeri,Inside
neyin,what
yapacağız,we will do
sizinle,With you
güvenlik,security
bizimle,with us
yapacak,will make
dikkatli,carefully
anladın,you understand
dedin,you said
ölü,dead
yapıyorum,i do
ihtiyacın,Your need
milyon,million
deli,mad
dair,about
aile,family
normal,normal
tatlı,sweet
olmayan,non-
bırakın,quit
birine,to someone
diyorum,I say
söyledin,You said
dışarıda,outside
istediğini,what you want
insanların,peoples
otur,sit down
ihtiyacımız,we need
affedersiniz,you forgive
michael,Michael
yemin,oath
charlie,charlie
sefer,expedition
pardon,pardon
şans,chance
keşke,If only
ana,mother
aşk,love
te,tele
olup,in
evine,home to home
ettin,you did
baş,head
başkan,minister
kapa,closure
dünyanın,world
çık,exit
aşağı,down
arkadaş,friend
biliyoruz,we know
at,horse
yeri,place
bununla,With this
millet,people
seks,sex
bilmem,I don't know
the,The
yapar,does it
doğum,birth
kahve,coffee
yaşında,old
istersen,if you want
miydi,was it
İnsanlar,People
kızlar,girls
durumu,status
isterim,I want
herkesin,everybody's
oradan,from there
kaptan,captain
kendisi,itself
yavaş,slow
bi,one
kusura,sorry
hoşça,nicely
hata,error
alıp,take a lot of
önünde,in front of
yeterli,sufficient
mıydı,was it
hayatını,life
cinayet,murder
bakma,do not look
sıcak,hot
bunların,these
aldın,you got it
frank,franc
erken,early
york,york
sessiz,silent
üstüne,over
kızım,my daughter
asıl,royal
dön,frost
zamandır,for time
getir,bring
ufak,small
düşünüyor,thinking
köpek,dog
inanamıyorum,I cant believe
yukarı,above
amerika,America
çek,Check
cidden,really
benziyor,looks like
gelmiş,arrived
dek,until
bilmiyor,he does not know
tehlikeli,dangerous
olmasını,to be
bilgi,information
şarkı,song
basit,simple
duydun,you heard
buradayım,I am her
diyor,says
güç,strength
yüz,face
n,N
evi,the House
gayet,very
yıldır,years
kızın,your daughter
birçok,A lot
nefes,breath
hak,right
konu,topic
söylüyorum,I'm telling you
görünüyorsun,you look
olduğum,I am
tıpkı,just as
edeceğim,I will make
olsaydı,if it was
noel,Christmas
gitmem,I dont go
film,film
olduğun,you
dalga,wave
görüyorum,I see
bulmak,to find
anlaşıldı,understood
ele,hand
ses,sound
neye,whereat
vakit,time
almaya,to buy
george,George
bayım,sir
muhteşem,wonderful
mesaj,message
koca,husband
haklı,right
sonraki,next
işler,works
yapacaksın,you will do
adını,name
kimsenin,nobody
yerinde,in place
gidin,go
burda,here
olacaksın,you will be
istediğin,you want
bilmiyordum,I didn't know
olmalısın,you must be
buldun,you found
yapmam,I don't do
anlamıyorum,I don't understand you
tom,tom
ikinci,second
parti,party
yu,yu
acil,urgent
söylemiştim,I said
fena,bad
allah,God
ajan,agent
insanları,people
hatırlıyor,Remember
joe,joe
yaparım,I do
herhalde,I suppose
mike,mike
bilir,knows
tut,Keep
alabilir,you can get
birden,suddenly
yedi,seven
peter,Peter
yoktur,there is no
yanına,next
zavallı,poor
sebebi,reason
düşün,think
eğlenceli,fun
özellikle,especially
görünüşe,apparently
söylüyorsun,you say
adına,in the name of
yemeği,food
yaptığı,what he did
zamanlar,times
sebep,reason
dedektif,detective
babası,his father
arkadaşın,your friend
biriyle,with someone
içki,drink
üstünde,above
rağmen,despite
temiz,clean
olmaya,to be
yapalım,let's do
david,David
söyleme,telling
buradaki,here
baksana,look
uyuşturucu,drugs
sesini,your voice
istiyorsan,if you want
patron,boss
lan,lan
parçası,Part of it
defa,times
katil,join
konuşma,speech
bekliyor,waiting
alın,forehead
sevgili,dear
olduğundan,because
görüyor,sees
gerçeği,reality
şeyden,out of what
numara,number
İşe,If
bilemiyorum,I do not know
öldürmek,kill
suç,crime
s,s
herşey,everything
arkadaşı,his friend
yerini,location
kimseye,to anyone
işim,name
tercih,choice
alacağım,I will take
gerekir,must
dolayı,because
oda,room
dürüst,honest
çoğu,most
kayıp,loss
gerekiyordu,needed
olma,being
unutma,don't forget
kırmızı,red
geldik,we came
canlı,Alive
değiliz,we are not
sonu,end
sağol,Thanks
teklif,offer
verir,giving
eskiden,formerly
babamın,my fathers
sayın,Dear
kimsin,who are you
yapan,doing
geldiniz,welcome
işini,Your job
saçma,absurd
soğuk,cold
bulduk,we found
yaptığın,you do
güvenli,trustworthy
bahsediyorsun,you are talking
yapabilirim,I can
sonsuza,to infinity
çoktan,already
seviyor,love
alan,area
onlardan,from them
teslim,delivery
olmasın,not
bağlı,connected
yürü,walk
bizden,U.S
yaşıyor,Living
kalk,get up
müzik,music
ölmüş,dead
yapmış,made
davet,Invitation
aşık,in love
süper,super
onlarla,with them
çocukları,children
sıra,desk
tanıyor,knows
elinde,in your hand
sahibi,owner
sene,year
çalışıyorsun,you work
istemiyor,does not want
sert,hard
bakayım,let me see
burayı,here
kavga,fight
anlat,to explain
olası,possible
park,Park
umurumda,I care
alır,gets
hanımefendi,lady
adamlar,men
anlamı,meaning
istiyoruz,we want
kalan,remainder
görmeye,to see
iyisi,the best
şehir,city
çekil,get out
zorundayım,I have to
fikrim,my idea
dava,case
günler,days
okul,school
kendime,to myself
görmedim,I did not see
takım,set
gitsin,let go
tamamdır,ok
İyiyim,I'm fine
geldiğini,that
söyleyeyim,let me tell you
güneş,sun 
çocuğun,your child
gelmek,to come
kalmak,to stay
İş,work  
bekleyin,wait
herşeyi,everything
kendim,myself
anlamına,meaning
mesela,for example
yaptığım,what I do
iç,internal
paul,Paul
edebilir,can
altına,under
istemedim,I didn't want
olayı,incident
yarım,my love
yola,on the road
adama,to man
herkese,to everyone
canına,to your life
affedersin,you forgive
orası,there
hatırlıyorum,I remember
pislik,dirt
henry,Henry
düşünüyordum,I was thinking
şimdiye,so far
aşkına,for your love
sık,chic
kapı,door
ağır,heavy
vereceğim,I will give
kral,king
sıkı,tight
anlıyor,understands
gurur,pride
öğrenmek,learn
etmiş,he
getirdim,I brought
max,max
hale,state
arka,back
kalp,heart
demektir,means
önceki,former
verici,transmitter
duruyor,stops
telefonu,phone
düşünmüştüm,I thought
siyah,black
olabilirim,I could be
şef,chef
kadının,woman
ikna,persuasion
anlaşma,agreement
yapmayı,to do
kalın,thick
oldun,you became
kadınlar,women
resmi,official
gider,expense
yazık,what a pity
silahı,weapon
annesi,his mother
deki,in
hoşuma,I like it
ifade,expression
sırada,in line
aferin,well done
arabayı,the car
başıma,to me
gittim,i went
suçlu,guilty
bölüm,episode
veriyor,giving
bayanlar,ladies
edeyim,let me
göster,show
kaldım,I stayed
hepiniz,all of you
birileri,someone
kelime,word
bira,beer
kitap,book
istiyorsunuz,you want
orospu,bitch
günün,your day
kara,black
ilginç,interesting
yla,with
gidecek,will go
üst,top
serbest,free
niçin,why
satın,purchase
zengin,rich
olman,your being
söyleyeceğim,I will say
tarafa,to side
sürece,as long as
iyilik,goodness
vakti,time
dünyada,in the world
almış,bought
söylemiştin,you said
sekiz,eight
sona,end
aptalca,stupid
hayatı,vital
üçüncü,third
dinleyin,listen
ettiğini,that you
istemem,I do not want
olanlar,what happened
tehdit,threatening
nedeni,Reason
deniz,sea
ahbap,buddy
verdin,you gave
yaklaşık,approximately
mıyım,am I
konuş,Talk
okula,to school
olmayı,to be
danny,Danny
yıllar,years
isim,name
yapıyoruz,we do
gideceğim,I will go
kendin,yourself
yaşam,life
zamanlarda,in times
sesi,sound
çeşit,sort
dua,prayer
çalışan,worker
değer,value
general,general
duymak,to listen
öldürdü,killed
işleri,work
sigara,cigarette
taraftan,on the side
na,na
yapıyorsunuz,you do
altın,gold
ee,ee
hediye,present
jimmy,Jimmy
olacağız,we will be
yo,yo
yapmadım,I did not do
bey,gentleman
yapabilir,can do
kimseyi,nobody
edelim,let's
çift,couple
alex,Alex
severim,I like
çıkıp,out of
mantıklı,logical
erkekler,men
james,james
yaşamak,to live
polisi,policeman
alıyorum,I'm buying
alıyor,taking
gitmiş,gone
yolunu,way
güven,trust
ayak,foot
sarah,Sarah
salak,idiot
sizden,from you
ortak,partner
görev,duty
herkesi,everyone
parça,piece
isteyen,wanting
aşırı,extreme
önceden,previously
teki,in
elde,in hand
karanlık,dark
mary,Mary
hayatımı,my life
muydu,was it
mavi,blue
duyuyor,hears
birazdan,soon
biliyorsunuz,you know
seksi,sexy
duyuyorum,I hear
bul,find
edip,educated
geldiğinde,when you arrive
hani,you know
elini,your hand
balık,the fish
söyler,Saying
İsa,Jesus
evin,your house
kişisel,personal
kadını,woman
endişelenme,Do not worry
kalmadı,no more
kalacak,will stay
kulak,ear
tebrikler,congratulations
ray,rail
arıyor,calling
kimi,who
zeki,clever
derece,degree
saygı,respect
gerekecek,will be required
ellerini,your hands
saçmalık,nonsense
tanıyorum,I know
zorundasın,you have to
sahte,fake
isterdim,I would like to
harry,Harry
tony,tony
karım,my wife
amerikan,American
güvende,safe
dışı,female
gitme,do not go
rica,request
ortadan,in the middle
yüzbaşı,captain
ön,front
döndü,turned
gördüğüm,what I see
nick,Nick
söyleyin,Tell
tan,tan
farkında,aware
kapat,close
çalıştım,I worked
İkinci,Second
verme,giving
yaz,summer
bok,shit
elimden,from my hand
ten,skin
olurum,I will be
bayağı,pretty
yanımda,by my side
ikiniz,two of you
kutsal,sacred
annemin,my mom's
iyidir,is good
fbi,FBI
gerekli,necessary
jim,Jim
alacak,receivable
etmez,not
insanlara,to people
hayatın,Your life
inanılmaz,incredible
hoşuna,you like it
çıkmak,exit
defol,get out
gibiydi,it was like
şanslı,lucky
destek,support
istediği,wanted
geriye,back
gücü,power
grup,group
adamla,with the man
türlü,various kinds of
gir,enter
alt,lower
verecek,will give
koy,bay
yolda,on the road
paris,Paris
ilgisi,interest
adın,your name
sarhoş,drunk
ders,lesson
anlamadım,I did not understand
öylece,so
buralarda,here
olmadığı,not
hikaye,story
kalmış,remained
bob,bob
kahrolası,goddamn
bildiğim,I know
yaptık,we did
birinci,first
ediyoruz,we do
gelmedi,did not come
haline,into
yıldız,star
yiyecek,food
baştan,from the beginning
birşeyler,something
gerekirse,if necessary
gelmiyor,does not come
arıyorum,I am searching
korumak,to protect
jane,jane
aradı,called
babanın,Your father
götür,take
gördünüz,you saw
oyunu,game
olduğumuzu,that we are
söylemişti,he said
kalsın,stay
sıradan,ordinary
unut,forget
olduğunda,when
arama,call
derin,deep
giden,outgoing
muydun,Have you
kaza,accident
buydu,that was
ailesi,family
bill,Bill
önemi,the importance of
kafa,head
d,D
olmam,not to be
parmak,finger
sorunu,problem
etmeyi,to do
epey,quite
gösteriyor,is showing
araya,in
yerden,out of the ground
albay,colonel
mesele,issue
peder,father
geleni,what's the next
şuraya,there
başladım,I started
evinde,at home
hayvan,animal
edersin,you
gitmeliyim,I have to go
dahil,including
m,m
bilmiyorsun,You do not know
şimdilik,for now
yaramaz,naughty
korkarım,I'm afraid
istediğimi,what I want
yapman,you do
test,test
nesi,what's up
ikimiz,the two of us
İnsan,Human
yoluna,on the way
çay,tea
miydin,Are you
olanları,what happened
buradasın,you are here
doğal,natural
kapalı,closed
plan,plan
geçmiş,past
olabilirsin,you can be
buyurun,here
aklıma,to my mind
sürpriz,surprise
çıkıyor,turns out
genelde,in general
sahi,actually
yardıma,to help
tarafta,on the side
istersin,you want
yoldan,on the way
akşamlar,evenings
baylar,gentlemen
sanmıştım,I thought
neredesin,where are you
richard,richard
sevdim,I loved
konuyu,subject
arkasında,behind
sevgilim,my darling
değerli,valuable
hamile,pregnant
üzgün,sad
ciddiyim,I am serious
başarılı,successful
korkuyorum,I am scared
şeker,candy
amca,uncle
lee,Lee
ziyaret,visit
alayım,let me take
cehenneme,to hell
arabaya,in the car
zorundayız,we have to
zamana,to time
bekliyorum,I am waiting
başlıyor,starting
yle,with
veririm,I give
akıllı,clever
güzeldi,it was beautiful
tedavi,treatment
oğlu,son-
edildi,was
ayağa,to the feet
inanıyorum,I believe
iğrenç,disgusting
edebilirim,I can
dünyayı,the world
düzgün,smooth
yapabilirsin,you can do
çalışmak,work
şarap,wine
sevdiğim,Favorite
söylemem,I don't say
yatak,bed 
ryan,ryan
müthiş,wonderful
konuşmaya,to talk
buldu,found
dene,try
evli,married
çalışma,study
gittiğini,that you go
yada,or   
sol,left
çocukların,children
muyum,am I
yarısı,half
steve,Steve
teğmen,lieutenant
avukat,Lawyer
elimizde,in our hands
kat,floor
istiyorlar,they want
olduğunuzu,that you are
kafayı,head
billy,Billy
diyeceğim,I will say
pis,filthy
mal,goods
gözlerini,your eyes
değildim,I wasn't
evden,from home
hapse,to prison
çekilin,withdraw
kanıt,evidence
konuşabilir,can talk
elimde,in my hand
oturup,sitting
günde,on a day
londra,London
odasında,in the room
yüce,sublime
bazıları,some
olsam,if I were
yargıç,judge
yazıyor,he is writing
sever,lovers
asker,soldier
mark,Mark
yemeğe,to dinner
can,Bell
tommy,Tommy
iptal,cancel
olanı,what is
demiştim,I said
olacaktır,will be
johnny,Johnny
olduklarını,that they are
kaybettim,I lost
olmasına,to be
aramızda,between us
bilim,science
dünyaya,to the Earth
arıyorsun,you are looking for
kadarıyla,as far as
sayılmaz,unseen
öldürmeye,to kill
majesteleri,Your Majesty
of,Ugh
şanslar,luck
aldık,we got it
ederiz,we
girdi,entry
abi,brother
seyirler,cruise
alırım,I get
mıyız,Are we
kurban,victim
aradım,I called
etmeyin,do not
sağlam,durable
geçiyor,passing
profesör,professor
itiraf,admission
şeytan,Satan
sorunun,your problem
daima,always
kurtarmak,to save
hoşçakal,bye
çalış,Work
ettik,we
süredir,for a while
sonuna,to the end
şurada,there
sonuçta,after all
will,Will
kulağa,to the ear
konuşuyor,speaking
söyleyecek,will say
gelmez,unimaginable
gelebilir,can come
buz,ice
haberi,news
istedin,you wanted
kime,to who
birazcık,a little
diğerleri,others
konuştum,I talked
ailem,my family
zamanında,on time
söylediler,they said
yaşayan,live
deme,do not say
zayıf,weak
alman,German
kuzey,North
not,note
you,you
adamları,his men
masum,innocent
ararım,I'll call
sayesinde,thanks to
çin,Chinese
söylemeye,to say
sandım,I thought
sırasında,during
etmem,not
yeşil,green
yabancı,foreign
daniel,Daniel
önüne,before
ileri,Further
etrafta,around
ünlü,famous
çıkmış,out
şerif,Sheriff
adil,fair
memur,officer
yağmur,rain
fazlasını,more
insanın,man
bomba,bomb
mektup,letter
görmüş,selected
ikisi,the two
kişinin,person
uyan,wake up
evlilik,marriage
yan,side
özgür,free
ölmek,to die
güney,south
işten,work
çavuş,Sergeant
çekici,attractive 
hallederim,I will handle
düştü,fell
madem,since
yapayım,let me do
ismi,name
gemi,boat
bunlardan,Of these
zamandan,from time to time
jake,jake
anlama,understanding
öğle,noon
fotoğraf,photograph
metre,metre
bilmiyoruz,we don't know
sıkıcı,boring
hastaneye,to hospital
olmuyor,It isn't happening
elinden,from his hand
nde,in
başa,to head
söylediğim,what I say
kızgın,angry
dönmek,return
işine,to work
don,frost
bakmayın,do not look
hazırım,I am ready
kardeşin,Your brother
söylemedin,you didn't say
yakışıklı,handsome
yüzünü,your face
söylemedim,I do not say
olabileceğini,that
başlayalım,lets start
resim,picture
şansı,chance
koş,run
bıraktım,I left
İşin,Ray
hizmet,service
giriş,login
başı,head
beyin,brain
saatte,on an hour
kenara,aside
İzin,Permission
bakmak,look
cinsel,sexual
geleceğim,My future
piç,Bastard
cep,pocket
parasını,his money
rüya,dream
gibisin,you are like
sor,sir
çıkan,released
bulmaya,to find
iyiydi,it was good
karısı,his wife
seçim,vote
sırf,sheer
resmen,officially
şüpheli,suspicious
bıraktı,He left
chris,chris
derhal,immediately
kardeş,brother
meşgul,busy
sınıf,class
İnsanların,Peoples
göstermek,to show
kısmı,partial
açın,open
zevk,pleasure
vur,hit
peşinde,in pursuit
başında,at the beginning of
hatırlamıyorum,I do not remember
ruh,soul
getirin,Bring
orda,there
yaptığımı,what I did
ışık,light
müdür,manager
annenin,your mother's
olmuştu,had happened
nerde,where
veren,giving
hayatımın,my life
hedef,aim
dna,DNA
etmiyor,does not
kaldır,lift
spor,Sport
gideceğiz,we will go
robert,Robert
suyu,water
saldırı,attack
uh,UH
oturun,sit down
bobby,Bobby
fırsat,opportunity
diyelim,let's say
ayrı,separate
izi,trail
zamanki,the time
getirdi,brought
bilgisayar,computer
gelince,as for
araştırma,research
nasıldı,how was it
brian,Brian
yana,to the side
askeri,military
edeceğiz,we will
hanım,woman
kate,Kate
iyice,thoroughly
kocam,my husband
sorumlu,responsible
domuz,pig
dünyadaki,in the world
ortada,obvious
imkansız,impossible
engel,obstacle
bahse,bet
arkadaşlar,friends
mutluyum,I'm happy
ters,opposite
düğün,wedding
ettiğim,what
numaralı,numbered
yapabiliriz,we can do
eric,Eric
odasına,in the room
uzakta,away
iyisini,good
öğrendim,I learned
verdiği,giving
tarafı,side
çalışıyoruz,we are working
kocaman,huge
öldürdün,you killed
biliyordu,He knew
afedersiniz,excuse me
problem,problem
budur,This is
bırakıp,quit and
başla,Start
polisler,police officers
konusu,subject
işaret,sign
eddie,Eddie
birbirimize,to each other
kuş,bird
şükür,thanks
girmek,to enter
dokuz,nine
savaşı,war
uçak,aeroplane
tamir,fix
İngiliz,British
çılgın,crazy
olursun,you will be
konuşalım,let's talk
arasındaki,between
nasılsınız,how are you? 
odası,room
binlerce,thousands
kevin,kevin
bölge,area
martin,Martin
filmi,film
tutmak,keep
havaya,in the air
arayıp,call and call
gittin,you went
bol,plenty
karın,your wife
başlıyoruz,we start
hariç,not including
özledim,I miss
birer,one
eee,eee
nda,in
aşağıda,below
babamı,my father
ceset,body
gitmeliyiz,we should go
aklını,your mind
çıplak,naked
yapın,do it
derken,then
geçiyorsun,you pass
gerekmiyor,not needed
değiller,they are not
odada,in the room
bakıyorum,I'm looking
ettiği,what
fazlası,more than
kişiyi,the person
söylerim,I say
rapor,report
polise,to the police
İstediğin,You want
kıza,to the girl
şeyim,my thing
walter,Walter
ihtiyaç,need
yerlerde,in places
rachel,Rachel
ilaç,medicine
sır,secret
jerry,Jerry
fikrin,your idea
yapacağımı,I will do
üzerinden,over 
oradaki,there
benzer,similar
başından,from the beginning
charles,charles
girip,enter
dönüp,turn around
pazar,market
kendisini,himself
top,ball
orta,middle
geride,back
kör,blind
yarı,half
sormak,to ask
anlaştık,we agreed
edemem,I can't
adında,named
geleceğini,your future
kaçtı,escaped
değilse,if not
İnanılmaz,Incredible
der,he says
kiminle,with whom
kedi,cat
tutun,tobacco
hatırladın,you remember
oynamak,play
taş,stone
konuşmayı,to talk
yapmamız,we do
ardından,next
ediyorlar,they are
hayatımda,in my life
alalım,Let's take it
yaparken,while
İkimiz,The two of us
tavsiye,recommendation
çalışıyordum,I was working
kahraman,hero
kurt,Kurd
bebeği,his baby
başkanı,chairman
harekete,movement
andy,Andy
cuma,Friday
itibaren,from
birbirimizi,each other
şimdiden,already
değilmiş,not
amy,amy
üzüldüm,I'm upset
idare,administration
döneceğim,I will come
kitabı,book
filan,blah
yapamazsın,You can not
topu,ball
silahını,your weapon
canını,your life
hangisi,which?
sıradaki,Next
kardeşi,brother
kayıt,record
dediğim,what I say
bağlantı,connection
maalesef,Unfortunately
farkındayım,I am aware
scott,scott
sayılır,sort of
unuttum,I forgot
görüşmek,to meet 
neymiş,what is it
söylemiş,he said
hissettim,I felt
dönüyor,Returning
hayalet,ghost
enerji,energy
veremem,can not give
nasıi,how
cesur,brave
yapılan,done
aşağıya,down
bilirim,I know
yaptığımız,what we do
okulda,at school
anna,Anna
yapıp,and doing
bırakmak,To leave
numarası,its number
san,singing
edilmiş,signed
sağlık,health
annemi,my mother
ün,Fame
yapmamı,I do
sizce,what do you think
olacaktı,it would be
savunma,defense
gördü,he saw
buradayız,we are here
doğu,East
merkezi,central
yaparsın,you do
sinir,border
çalıştı,worked
pete,pete
yasal,legal
anlaşılan,apperantly
canavar,monster
söylediği,what he says
şeylerin,your things
istemiştim,I wanted
kızla,with the girl
uyuyor,sleeping
girecek,will enter
biriydi,was one
görüyorsun,you see
şeydi,it was
barış,peace
ihanet,betrayal
suçu,water seller
umut,hope
bunca,so much
edeceksin,you will
vereyim,let me give
iz,trace
vermeye,to give
mücadele,struggle
yıllık,yearly
kilo,kilo
bulunan,found
los,loess
kırıklığına,disappointment
göremiyorum,I can not see
doğruyu,the truth
lisa,lisa
yapacağını,what
ödeme,payment
ettiler,they
di,diagonal
İçinde,Inside
kar,snow
kazanmak,to win
baskı,oppression
clark,Clark
claire,Claire
binbaşı,major
yapıyorlar,They are doing
olmaktan,from being
alakası,relevance
parası,money
gözden,out of sight
demiştin,you said
çıkarın,take off
and,and
mahkeme,court
nedenle,therefore
sus,shush
sistemi,system
çirkin,ugly
konuşmam,I don't talk
sanat,art
tavuk,chicken
yıllardır,for years
fransız,French
yarar,benefit
arabada,In the car
hayatının,Your life
bizde,We have
düşündün,you thought
konuşuyorsun,you are talking
b,B
çalıştığını,that you work
emir,order
kurşun,bullet
çıkın,go out
gerekirdi,it would have
açıkçası,frankly
dönerim,I return
otel,hotel
baktım,I looked
uzay,space
sonuç,conclusion
İngiltere,Britain
doğrusu,actually
ted,ted
söylemedi,did not say
vermiş,given
peşinden,after
içeride,inside
şirket,company 
akıl,mind
hepimizin,all of us
sevdiğini,what you love
sakıncası,drawback
parlak,shiny
dokunma,Do not touch
kalıyor,staying
gene,again
eline,in the hands of
alma,taking
nazik,kind
kyle,kyle
söyleyebilirim,I can say
batı,West
başlangıç,beginning
öldüğünü,that he died
cumartesi,Saturday
yangın,fire
girin,enter
tv,TV
karışık,mixed
bulmuş,found
ilişki,relationship
yolculuk,journey
jason,jason
İnan,Believe
olsaydım,If I was
vermeyeceğim,I will not give
hay,hay
etrafında,around
geçirdim,I spent
konuşmamız,our talk
üstelik,besides
kredi,credit
düşman,enemy
söylediğin,what you say
işimiz,Our job
madam,madam
vahşi,wild
ameliyat,operation
banka,bank
onca,all all
çalışmaya,to work
öğleden,noon
boşa,intense
çıkarmak,subtract
nihayet,finally
bulundu,found
istiyordum,I wanted
yukarıda,above
insanı,human
prenses,princess
larry,Larry
yüzde,percentage
şeylere,to things
çıkış,exit
saç,hair
kadınla,with a woman
elektrik,electricity
onda,in it
sevimli,pleasant
kamera,camera
gecesi,night
bunda,in this
unuttun,you forgot
söylesene,tell me
yüzüne,to your face
boktan,shitty
param,my money
çıkacak,will be released
luke,Luke
gösteri,show
şehirde,in the city
televizyon,television
bulacağım,I will find
annie,Annie
tanışmak,meet
İç,Internal
kokuyor,smells
olduğumuz,we are
kalma,stay
şansın,Your luck
sosyal,social
futbol,football
birisin,you are someone
aniden,abruptly
ulusal,National
eğitim,education
gönderdi,sent
acayip,strange
varken,while there
emily,emily
İkiniz,Two of you
geçirmek,put in
duygusal,emotional
yalancı,liar
değişti,changed
zamanımız,Our time
mutlaka,definitely
söylediğini,what he said
sean,sean
fransa,France
tespit,detection
öldür,kill
dahi,genius
olmanı,your being
ortasında,in the middle of
kalır,remains
duruma,to the situation
dediğini,what you say
angeles,Angeles
thomas,Thomas
takımı,team
emri,order
söyleyebilir,can say
olmanın,Being
cesaret,bravery
bakıyorsun,you are looking
alice,alice
varım,I exist
nedenini,why
başlar,starts
öldürüldü,killed
yapılmış,made
arthur,arthur
intihar,suicide
gecenin,night
yaparız,we do
şansımız,Our chances
getirmek,to bring
fikri,intellectual
tecavüz,rape
chuck,chuck
çekip,pulling
getirdin,you brought
söyleyemem,I can not say
attı,threw
nerden,from where
eli,his hand
öldürecek,will kill
bakar,looks
edici,substitutable
bilirsiniz,you know
aşkım,My love
başarısız,unsuccessful
tren,train
şirketi,company
oluyorum,I am
örnek,example
evime,to my house
olmalıyım,I must be
almam,I don't buy
genel,general
carter,Carter
ailen,family
gitmeye,to go
kimdi,who was
düşük,low
teknik,technical
ihtiyacınız,you need
iyisin,you are good
kullan,use
günlük,daily
arabanın,your car
koruma,protection
matt,matt
inanıyor,believes
kalacağım,I will stay
düşünüyorsunuz,you think
eğlence,fun
partisi,party
koç,ram
aramaya,to search
gideyim,let me go
hatam,my mistake
ediyordum,I was
şerefe,Cheers
dave,dave
taksi,taxi
durma,stop
arayacağım,I will call
diyorlar,they say
cesedi,the body
km,km
çiçek,flower
inşa,construction
şeyle,with what
tadını,taste
ed,ed
çocuklara,to children
tanık,witness
kahvaltı,breakfast
kendinizi,yourself
buranın,here
korku,horror
şehri,city
yatağa,To bed
düşünmek,think
yolun,road
tanesi,gentleman
konuşuruz,talking
roma,Rome
eh,eh
etmesi,to
avrupa,Europe
inanmıyorum,I do not believe
ettiğin,you do
yoğun,busy
kadına,to woman
utanç,shame
olunca,when
tarih,Date
degil,not
yerin,Your place
yapmayın,do not do
elbise,dress
demedim,I didn't say
başını,your head
şehrin,The city
yerel,local
kaldın,you stayed
dediğin,you say
ceza,punishment
gelirim,I will come
etkileyici,influential
zamanın,Your time
görevi,task
bilen,knowing
washington,Washington
hakkındaki,about
zorla,hardly
yat,sleep
geliyorlar,they come
ucuz,cheap
joey,Joey
tehlikeye,to danger
gidebilir,can go
tarihi,date
bizler,us
derler,they say
yaptınız,you did
yirmi,twenty
öldüreceğim,I will kill
gören,sees
tepki,reaction
kayboldu,disappeared
etmelisin,you should
sürer,takes
pişman,regret
yılda,annually
araç,vehicle
simon,Simon
mıydın,Are you
anahtarı,switch
önümüzdeki,next
İmdat,Help
açıkça,clearly
ölecek,it will die
gerçi,though
çekmek,to pull
vermem,I do not give
umurunda,cares
paraya,money
beyefendi,gentleman
boyu,length
ülke,country
sevgi,love
hissediyorsun,you feel
sürtük,slut
edersen,if you
ihtimalle,probably
gitmemiz,we go
gitmiyor,not going
sordum,I asked
olabilirdi,could have been
öyledir,so
rol,role
pahalı,expensive
yakaladım,I caught
planı,plan
oluruz,we will be
dev,giant
it,it
getireyim,let me bring
ım,I am
sendin,you were
dersiniz,you say
içindeki,in
yaşıyorum,I live
oy,vote
sefere,on the expedition
muyuz,Are we
tanımıyorum,I don't recognise
sonrasında,after that
karşılık,opposite
üstü,top
fahişe,whore
um,um
keresinde,at all times
bulacağız,we will find
heyecan,excitement
düşünmüyorum,I don't think
etmiyorum,I do not
etmeliyiz,we must
hayata,To life
İstersen,If you want
aşağılık,Despicable
kullanmak,to use
leo,leo
çalışıyordu,Working
emredersiniz,"Yes, sir"
kullanıyor,uses
kıçını,your ass
İşler,Works
dert,trouble
denen,called
carl,Carl
sokak,street
bil,know
usta,expert
şeylerden,from things
giderim,I will go
kimsiniz,who are you?
yapılacak,to do
servis,service
fikrini,your idea
ekip,team
girerim,i enter
verebilir,can give
anahtar,key
lar,s
bakıyor,looking
isterseniz,if you want
kaba,rude
hastanede,at hospital
derecede,extent
kağıt,paper
vurdu,hit
ordu,army
hiçbiri,none
gaz,gas
görünce,when you see
endişe,anxiety
william,William
ödül,prize
pes,pes
okuldan,from school
şişe,bottle
kendisine,to herself
günlerde,days
halt,heck
yapmalıyız,We have to do
insanlarla,with people
verdik,we gave
telefonda,on the phone
romantik,romantic
müsaade,permit
üyesi,member of
şuradaki,there
öncelikle,Firstly
eşlik,accompaniment
genellikle,Generally
çocuğum,my child
devlet,state
dediğimi,what I said
yahudi,Jewish
aksi,opposite
saati,clock
çocuğa,to the child
götürün,take it
şansım,my luck
ekibi,team
ödünç,on loan
t,T
anneme,to my mom
harikaydı,was great
lord,lord
ailenin,Your family
denedim,I've tried
yardımı,assistance
büyü,Magic
istemez,unintentionally
iddia,allegation
giderken,on the way
tim,team
olmasa,if not
gördüğün,you see
jeff,Jeff
profesyonel,professional
düşündüğüm,I think
arabası,car
silahlı,armed
adamsın,You are the man
dahaki,more
derdi,would say
gözüküyor,appears
lucy,lucy
aklına,to your mind
benimki,mine
olağanüstü,extraordinary
ayakta,on foot
gerçekte,in reality
huzur,peace
veda,farewell
istemezsin,you don't want
kaldık,we stayed
emma,emma
c,C
sağlıklı,healthy
gizlice,secretly
diş,tooth
etmeliyim,I have to do
geliyorsun,You're coming
to,to
sezon,season
İşi,Heat
içmek,drink
meselesi,issue
boşver,nevermind
kraliçe,queen
yapması,to do
ilgi,interest
işimi,my job
eksik,missing
izlemek,to watch
görebiliyorum,I can see
bulup,find and find
neresi,where  
çıkma,emergence
afrika,Africa
bekliyorsun,you are waiting
bıçak,knife
ölümü,death
güzelmiş,it's nice
çocukken,as a child
havalı,airy
olmuştur,has been
kartı,card
buyur,there you go
söyleyen,saying
sorabilir,can ask
hiçbirşey,nothing
serseri,rascal
bileyim,I know
süt,milk
adalet,justice
atmak,to throw
sarı,yellow
babasının,His father
gelmişti,it came
verdiğin,you give
bari,at least
kendinden,self -esteem
kızları,daughters
fiziksel,physically
karşılığında,in return
yasak,forbidden
ayı,bear
saf,pure
öldüren,killing
mısır,sweetcorn
evlenmek,to marry
tıp,medicine
kalıp,pattern
onur,honour
yapabileceğim,I can do
okudum,I read
adamların,your guys
tanıdığım,I know
öyleydi,That was
bölümü,department
anlamıyorsun,you do not understand
tanıştığımıza,to meet
adi,First Name
olmazsa,if not
ü,ü
annemle,with my mom
nokta,point
maria,maria
ismini,your name
alakalı,relevant
şüphe,suspicion
İngilizce,English
rose,rose
ni,ni
dışına,outside
bildiğin,you know
birinde,in one
ediyordu,he was
kanı,belief
sanıyor,thinks
evim,my home
değilsiniz,you are not
geniş,Large
zamanım,my time
seyahat,trip
his,feeling
tıbbi,medical
li,Li
anlattı,told
federal,federal
kapıdan,through the door
geceleri,at night
abby,Abby
çeviren,translated
alışveriş,shopping
yara,wound
görmüştüm,I had seen
İkisi,The two
geceyi,the night
bişey,something
jenny,Jenny
yumurta,egg
geldiler,they came
döndüm,I got back
kuralları,rules
hakkı,right
riske,to risk
mil,shaft
çıkıyorum,getting out
öğrenci,student
bozuk,broken
hmm,hmm
temel,basis
birbirine,each other
seviyorsun,you love
hele,in particular
afedersin,you are sorry
tarafında,on the side of
aldığını,what he took
kafanı,your head
dost,friend
gördüğüme,what I see
haberim,my news
uyku,sleep
iletişim,Contact
kelly,Kelly
yahu,Yahu
odaya,in the room
gibidir,like this
bahsediyorum,I'm talking about
rus,Russian
gelmeden,before arriving
duydunuz,you heard
almayı,to buy
hakkımda,about me
tuzak,trap
okulu,school
birisini,someone
başta,first
bardak,glass
yerlere,to places
susan,Susan
babama,to my father
hemşire,nurse
dean,dean
gör,see
andan,from the moment
gelsin,come and come
görelim,see
meksika,Mexican
geldiği,it came
arası,between
çöp,rubbish
kararı,decision
gitmeden,without going
söylemeliyim,I must say
katı,thick
derim,I say
kendilerini,themselves
görünen,visible
kilometre,kilometer
bıktım,I am fed up
yanı,well
haftada,per week
bırakma,leaving
ettiniz,you did
ediyorsunuz,you are
gücünü,your strength
yapmaz,do not do
İçeride,Inside
karşısında,opposite
kalbi,heartland
kullanarak,using
olamazsın,You can't be
derdin,your problem
hırsız,thief
bakarım,I look
gözleri,eyes
üstesinden,overcoming
olduk,we have
arkadaşlarım,my friends
üzücü,sad
sahne,scene
hakim,judge
dinlemek,to listen
phil,Phil
yaşındaki,oldly
karmaşık,complicated
etsin,let it
unutmayın,Remember
dolarlık,dollar
tip,medicine
verdiğim,what I give
alanı,area
kutu,box
atış,shot
diğeri,the other
yardımcısı,assistant
sizler,you
ekmek,bread
kızıl,red
sizde,you have
tanrıya,to God
yaş,age
hayir,no
vermiyor,does not give
ilgilendirmez,unreliable
sola,left
çıkalım,Let's get out
çıktım,I went out
geçici,temporary
lily,lily
efendi,master
gelene,to come
anlatmak,tell
toplantı,meeting
İlginç,Interesting
louis,louis
takdir,discretion
izleri,traces
göze,to eye
olduğunun,that
içerisinde,in
geçerli,valid
tak,plug
programı,program
hafif,light
tehlike,danger
yetişkin,adult
sadık,loyal
roger,Roger
sevdiğin,your beloved
çalışırken,while working
bunlara,to these
buldunuz,you found
sipariş,order
kaybetti,lost
alacağız,we will take
partiye,to party
basın,Press
sanıyorum,I think
nden,Why
içinden,through
hastalık,disease
dönün,turn back
şeydir,is the thing
gündür,for the day
smith,Smith
randevu,meeting
şehre,to the city
julia,Julia
kaltak,bitch
oğlun,your son
görünmüyor,does not appear
farkına,to the awareness of
hükümet,government
söylüyorlar,they say
başım,my head
anı,moment 
cia,cia
belediye,municipality
olmadığına,that
edemezsin,you can't
haberler,news
nakit,cash
prens,prince
göreceksin,you will see
taylor,Taylor
korkuyor,scared
yardımına,to help
ateşi,fire
ateşli,hot
inan,believe
bitmedi,not over
bas,head
bedava,free
im,im
kişiler,persons
paramı,my money
doğrudan,directly
â,â
hassas,sensitive
komutan,commander
jackson,Jackson
olmazdı,would not be
çekti,pulled
neredeydin,where have you been
yumuşak,soft
adımı,my name
bakacağım,I will look
öldürdüm,I killed
aslına,to the original
çıkardın,you took off
köpeği,dog
hayatında,in your life
yılın,year
kafasını,his head
şok,shock
annene,to your mother
görmemiştim,I didn't see it
göreceğiz,We'll see
kendimizi,ourselves
kalbim,my heart
banyo,bathroom
dediği,what he said
kokusu,scent
bulun,find
amına,pussy
çekiyor,attracts
kıpırdama,movement
aldığım,I bought
başlamak,to start
seven,loving
kişilik,personality
işkence,torture
göstereceğim,I'll show
verdiler,they gave
ağaç,tree
ufaklık,kid
gönder,send
vegas,vegas
kurbanın,victim
kaybettik,we lost
kafana,your head
ölen,dying
üzerindeki,on you
karen,karen
sonrası,post-
etmedi,did not
anlamıyor,does not understand
hissediyor,feels
günden,from day to day
sağa,right
korkma,don't be afraid
biliyordun,you knew
video,video
aber,aber
değişiklik,change 
testi,testing
yapmıyorum,I'm not doing
gizemli,mysterious
etmedim,I didn't
önceydi,before
aydır,for the month
ler,s
doug,doug
olmalıyız,we must be
konuştun,you talked
olmaması,lack of
soruyorum,I'm asking
yaparsan,if you do
olmalısınız,You must be
gelirse,if it comes
gideceksin,you will go
olduğunuz,you are
taze,fresh
kafası,head
faydası,benefits
koyayım,let me put it
yaşa,law
etmen,factor
biter,ends
vaktim,my time
sürdü,continued
maggie,maggie
düşündüğünü,that you think
suya,water
gidebilirsin,you can go
girmiş,inserted
kafam,my head
sevdiği,love
şirin,cute
tanıyorsun,you know
getirir,brings
açıklama,explanation
kirli,dirty
jackie,Jackie
yüzü,face
burdan,from here
arayan,caller
yapıyordum,I was doing
çılgınca,crazy
mutluluk,happiness
gerekmez,not necessary
halk,people
biriyim,I am
istiyordu,he wanted
dış,teeth
edebilirsin,you can
ağzını,your mouth
pizza,pizza
bendim,it was me
yapmalıyım,I have to do
yatakta,on the bed
kalbini,your heart
düşünüyoruz,we think
telefonunu,phone
göstereyim,Let me show you
cam,pine
yaptıklarını,what they do
grubu,group
pazartesi,Monday
heyecanlı,excited
bakarsan,If you look
grace,Grace
birliği,unity
red,rejection
morgan,Morgan
nathan,Nathan
aramak,search
kontrolü,control
alacaksın,you will take
şunları,these
komiser,commissioner
chloe,chloe
taki,gift of jewelry
etkisi,impact
vücut,body
aklından,from your mind
babanı,Your father
koyun,sheep
çalıştığım,I work
arayın,call
durdur,stop
doktora,doctorate
buçuk,half
bildiğini,what you know
çalışmıyor,not working
açığa,respected
duyduğuma,I heard
İğrenç,Disgusting
geçer,passing
veriyorsun,you give
sara,epilepsy
gergin,moody
duş,shower
gary,Gary
gerektiği,must
yaşasın,Long live
unutmuşum,I forgot
anneni,Your mom
aynısını,the same
öbür,glutton
kadınların,women
geldiğin,you come
rock,rock
duymadım,I did not hear
sonucu,results
ederek,by
kralı,King of
yavaşça,slowly
taraf,side
hesap,account
yeteri,sufficient
zenci,black
robin,Robin
kısmını,part
istediğiniz,you want
howard,Howard
cehennem,hell
İnsanları,People
tuvalete,to the toilet
yarısını,half
josh,josh
er,prick
yüzlerce,hundreds of
gelmesini,to come
olmasaydı,if not
elimi,my hand
dayan,Hang on
ayakkabı,shoes
ölümcül,fatal
yokmuş,there was no
katılıyorum,I agree
rüzgar,wind
amerikalı,American
ipucu,clue
fırsatı,the opportunity
sürede,in time
delik,hole
gelme,coming
stan,stan
ª,ª
düşündüğün,you think
geçirdi,spent
umrumda,I care
düşünmeye,to think
yorgun,tired
dövüş,fight
hank,Hank
planın,Your plan
patrick,patrick
ederken,while
kart,card
gönüllü,volunteer
aldığı,receiving
canın,your life
bulmalıyız,we must find
haberin,news
bakış,view
havada,in the air
nı,ni
bilet,ticket
alabilirsin,you can take
kuru,dry
gideriz,we go
olayın,your event
bekliyoruz,we are waiting
paranın,Your money
krizi,crisis
seninki,yours
tahliye,evacuation
rahip,priest
sözü,word
bekliyordum,I was waiting
julie,Julie
gitmiyorum,I'm not going
anlamak,understand
anlayamadım,I don't understand  
ilan,advert 
milyonlarca,millions
şaşırtıcı,amazing
halinde,in case of
masa,table
hastane,hospital
başkası,somebody else
kocası,her husband
yapmanı,you do
kasaba,town
dönüş,return
sorunumuz,Our Problem
sahiden,really
l,L
yaşıyorsun,You live
sorular,Questions
kurtarmaya,to rescue
yazı,writing
oğlumu,my son
ışığı,light
yazar,Writer
van,van
kapıya,to the door
no,no
ndan,from
bilmeni,you know
etmeden,without
yapamaz,can not do
kadınları,women
kırık,broken
denemek,to try
demiş,said
davayı,the case
dönecek,will return
gibiyim,I'm like
istemiyorsun,you do not want
biridir,is one
konuşuyorum,I'm talking
babana,to your father
sordu,asked
hindistan,India
yapmayacağım,I will not do
koku,smell
oluyorsun,you are
çaldı,stolen
kural,rule
gemisi,ship
temsil,representation
beklemek,to wait
tutuyor,holding
verelim,let's give
etmiştim,I had
müşteri,customer
victor,victor
aşkın,over
anlarsın,you understand
trafik,traffic
birleşik,unified
arıyoruz,we're searching
lezzetli,tasty
şikayet,complaint
duymuştum,I heard
günah,sin
peşine,after
hızla,quickly
sandın,You thought
dikkatini,your attention
kalacaksın,you will stay
öğretmen,teacher
arkadaşları,friends
tebrik,greeting
tatil,holiday
otobüs,bus
öne,what's that
üniversite,university
bilemezsin,you can not know
süreliğine,for a while
verirsen,if you give
dönmüş,frozen
çalışacağım,I will work
çıkardı,took off
chicago,Chicago
temin,recruitment
özgürlük,freedom
sinyal,signal
yakından,closely
bela,darned
başladın,you started
yaptıkları,what they do
konuşacak,will talk
katta,on the floor
açıdan,as well as
İzninizle,With your permission
eyalet,state
geleceği,future
uçuş,Flight
sorunum,my problem
bebeğin,Your baby
gösterir,show
tanıdık,familiar
orayı,there
kazandım,I won
şaşırdım,I am shocked
konuşacağım,I will talk
hepsinin,All of them
bırakalım,let's leave
oynuyor,playing
denir,called
minnettarım,I am grateful
tadı,its taste
sürecek,will continue
sokakta,on the street
renk,colour
eşyalarını,their belongings
kibar,kind
evini,home
laura,Laura
mahkemeye,to court
geçmişte,in the past
mucize,miracle
arkasına,behind
talep,request
yaptılar,They did
durdu,stoped
yetenekli,talented
geçecek,will pass
olmamış,unreasonable
gitmedi,did not go
olsan,if you
canımı,my life
yapmadı,did not do
hapiste,in prison
öldürdüğünü,that you killed
helen,helen
sey,thing
düşünmemiştim,I didn't think
arkada,at the back
takma,nickname
bravo,Bravo
maç,match
çizgi,line
teyze,auntie
dik,steep
bulamadım,I couldnt find it
elimizden,from our hands
maymun,the monkey
arabadan,out of the car
rahibe,nun
oğlan,boy
sorum,My question
yaşındayken,when he was
aldılar,they took
yarıyor,it works
olmayabilir,may not be
büyükanne,grandmother
öldürürüm,I kill
kazandı,won
mektubu,letter
atın,throw away
molly,molly
dondurma,ice cream
eşcinsel,gay
İçki,Drink
hayatına,to your life
tanıştım,I met
duyduğum,what I hear
emekli,retired
gördüğünü,what you see
rick,rick
oyuncak,toy
oyuncu,actor
hepimizi,all of us
geçmek,to go past
jones,Jones
olalım,let's be
sohbet,chat
ağzına,in your mouth
çözüm,solution
net,net
kadeh,glass
ross,ross
keskin,sharp
birisinin,someone
buyrun,here you are
olabiliriz,we can be
alıyorsun,you buy
nükleer,nuclear
kusursuz,perfect
ölür,It is possible
madde,matter
gözü,eye
şiddet,violence
arkadaşını,your friend
görüşme,meeting
seferinde,at the expedition
öylesine,at random
görünüyordu,it looked
izle,Watch
babamla,with my dad
amanda,amanda
laf,word
göğüs,chest
si,si
değiştirmek,to change
bakıp,looking at
korkuyorsun,you are afraid
bar,bar
getireceğim,I will bring
minik,tiny
bekleyen,waiting
acıyor,It hurts
tarz,style
intikam,revenge
garanti,guarantee
cenaze,funeral
ölüyor,is happening
japon,Japanese
kimlik,identity
atla,jump
diyorsunuz,you say
eşim,my partner
götürmek,take away
girdim,I entered
görmüyor,does not see
meyve,fruit
kötüsü,worse
cadı,witch
müfettiş,inspector
vereceksin,you will give
eş,spouse
dördüncü,fourth
belaya,in trouble
fare,mouse
anlayamıyorum,I can not understand
seri,sherry
patates,potatoes
döner,rotary
davranıyorsun,you act
hissetmiyorum,I do not feel
almanya,Germany
toprak,soil
benzin,gasoline
ruhu,spirit
götüreceğim,I will take
mahkum,prisoner
bırakmış,left -wing
gördük,We saw
uğruna,for the sake of
sigorta,insurance
gittiler,they went
oku,read
edemez,unable to
bizzat,personally
olmamız,we are not
izini,trail
farkı,difference
arıyordum,I was looking
normalde,normally
güne,to the day
vincent,Vincent
kapının,door
sorunları,problems
kişiye,to person
öldürür,kills
şükürler,thank you
neyle,with what
kendinize,to yourself
anlamaya,to understand
çalıyor,playing
yanıma,with me
seçenek,choice
paket,package
amacı,purpose
kaybettin,you lost
kalmaz,not only
yakala,Catch
kardeşini,your brother
gösterdi,showed
yedin,you ate
uzağa,away
bilinen,known
bakılırsa,on the grounds
gözünü,your eye
görür,sees
beğendim,I like 
kaçmak,to escape
yemeğine,To dinner
olursan,if you
yemeğini,your food
nu,nude
bulurum,I find
demir,iron
eşi,partner
gelmeye,to come
içindi,for
elizabeth,Elizabeth
tyler,Tyler
yaralı,wounded
güzelsin,You are beautiful
biliyorlar,they know
hazırız,we are ready
haftaya,next week
konuşurken,while talking
görmezden,ignoring
arkadaşının,Your friend
rahatla,relax
istemedi,did not want
miydim,was I
dönelim,Let's get back
umuyorum,I hope
motor,engine
olmadığımı,that I am not
fazladan,extra
yerim,I eat
alkol,alcohol
manyak,maniac
korkak,coward
içindir,for
sayı,number
merkez,centre
birinden,from someone
tehlikede,in danger
şişman,fat
greg,GREG
elveda,goodbye
bayılıyorum,I love
sırası,sequence
fred,fred
yapardım,I used to do it
zafer,victory
kalabalık,crowded
bırakıyorum,I'm quitting
yürüyün,Walk
düşünün,think
ısrar,insist
ali,Ali
yaradı,it worked
adli,judicial
yerinden,out of place
öyleyim,I am
donna,donna
işlerini,their work
altından,under
tuttum,I held it
katili,murderer
tuvalet,toilet
hasar,damage
oydu,he was
viski,whiskey
sevmiyorum,I do not like
olaylar,events
görebilir,can see
girer,enters
golf,golf
saçmalama,don't talk nonsense
patlama,explosion
idi,was
borç,debt
durup,stopping
ülkenin,The country
evimde,in my house
haberleri,news
herkesten,from everyone
gitmesine,to go
edebiliriz,we can
istiyorsanız,If you want
yılan,snake
bayıldım,I love it
yapmalısın,you should do
hikâye,story
vaktimiz,Our time
gittikçe,gradually
kurtulmak,to be saved
vampir,vampire
saldırıya,attack
söylemeyi,to say
kızların,Girls
hoşgeldiniz,welcome
verildi,given
dakikada,per minute
silahları,weapons
pasta,cake
topla,gather
sağlamak,to ensure
sonuçları,results
içi,intra-
maçı,match
olacağı,that
kurtardı,saved
bugünkü,current
koydum,I put
marcus,Marcus
yapıyordu,he was doing
risk,risk
dersi,course
annesinin,your mother
gördüğünüz,you see
komutanım,my commander
ertesi,next
diyebilirim,I can say
mac,match
jesse,Jesse
aziz,saint
charlotte,Charlotte
barry,Barry
aşkı,hanger
delilik,madness
gidiyorsunuz,you go
arkadaşların,your friends
alarm,alarm
melek,angel
justin,Justin
sevdiğimi,I love
raporu,report
katılmak,to join
ihtiyaçları,needs
çıkmaya,to go out
bıraktın,you left
geliyoruz,we are coming
kilise,church
geldiğiniz,you come
kaynağı,source
deneme,attempt
gitmen,you go
posta,mail
düşmüş,fallen
olabilirler,can be
açmak,open
İnanamıyorum,I cant believe
nate,nate
ince,thin
başardık,We succeeded
bulur,finds
indir,download
bahsetti,talked
kaydı,registration
fazlasıyla,more than enough
yaptığınız,what you do
getiren,brutally
düz,straight
kolayca,easily
kadarı,as far as
kaçırdın,you missed
he,he
çağır,call
öldüğü,died
makine,machine
demişti,he said
saate,to the clock
kardeşinin,Your brother
yıldızı,star
lordum,my lord
adresi,address
müziği,music
kulübü,club
soruşturma,investigation
öğrendin,you learned
gerekiyorsa,if necessary
fırtına,storm
öpücük,kiss
suçun,your crime
atıyor,throws
paranı,Your money
çikolata,chocolate
öğlen,afternoon
yumruk,fist
konuştuk,we talked
soracağım,I will ask
sonsuz,forever
eskisi,old one
yazdım,I wrote
hayvanlar,animals
gitmeyi,to go
hoşlanıyorum,I like
bakan,minister
paran,your money
verebilirim,I can give
terry,Terry
çalışıyorlar,they work
polisin,Police
mesajı,message
yıldan,from the year
yüzüme,on my face
savaşa,to war
başın,Press
gitmelisin,you should go
cezası,penalty
erkeklerin,Men's
olayım,let me be
içelim,let's drink
şişko,fat
andrew,Andrew
anladınız,you understand
oldukları,they are
olanlardan,from what happened
model,model
düşünme,thinking
tanrının,Your God
şarkıyı,song
oturuyor,sitting
olamam,I can't be
olmamı,not to be
parayla,With money
oyuna,game
tatmin,satisfaction
modern,modern
sihirli,magic
gününü,day
çocuklarla,with children
edemiyorum,I can't
sandviç,sandwich
derek,derek
marie,Marie
korumaya,to protect
makinesi,machine
hatırladım,I remembered
oğlunu,your son
gördüğümde,When I see
izni,permission
kimseyle,with anyone
olsaydın,if you were
meydan,square
aracı,intermediary
roy,Roy
haklıydın,you were right
bakmaya,to look at
birilerini,someone
yaşamaya,to live
erkeğin,your man
program,program
giriyor,it is entering
çekim,pull
vince,vince
anlamda,in the sense of
edeceğini,that
tarzı,his style
gündüz,daytime
cooper,cooper
inanmak,to believe
attım,I threw it
geçip,passing through
sensiz,without you
salı,Tuesday
sessizlik,silence
lois,Lois
canı,villain
verip,giving
senle,with you
annenle,With your mother
ciddiye,seriously
yokken,when there is no
lucas,lucas
tur,kind
kılıç,sword
akıllıca,wisely
açlıktan,hunger
belada,in trouble
arabayla,with car
olabilecek,possible
bilmen,knowing
kimden,from who
götürdü,took it
vermedi,did not give
affet,forgive
görmeyi,to see
beğendin,liked
sağolun,thanks
yakalamak,to capture
sabit,still
angela,Angela
kaybetmek,to lose
suyun,of water
böylesi,such
olaya,to the event
alırsın,you get
tesadüf,coincidence
görmüyorum,I do not see
rezil,infamous
görüntü,image
ayda,monthly
klasik,classical
radyo,radio
suçum,my fault
gümüş,silver
gerekeni,what is necessary
ettiğimi,that I did
kafasına,on your head
verdiğini,that he gave
etmemi,not
çığlık,scream
görmedin,you did not see
çıktın,you came out
demeye,to say
ormanda,in the forest
kilitli,locked
değildin,you were not
ölmeden,without death
toz,dust
senatör,senator
kanun,law
hâlde,in the same way
kaçak,leakage
kızımı,my daughter
han,inn
hitler,Hitler
aldınız,you bought
korkutucu,scary
abd,USA
aksine,on the contrary
sally,sally
alay,regiment
günleri,days
oliver,Oliver
leydi,lady
kamp,camp
oluşan,formed
kalabilir,may remain
ederdim,I would
döndün,you turned
johnson,Johnson
başardın,you succeeded
balığı,fish
bina,building
aylık,monthly
uçağı,the plane
uyu,Sleep
şanslısın,you are lucky
karşıya,across
bruce,bruce
alıyoruz,we buy
İster,Whether...or
göt,ass
yaparak,by doing
dinliyorum,I am listening
güvenliği,safety
etmesini,to do
kira,rent
acımasız,unmerciful
yaklaşıyor,approaching
olurdum,I would be
bahsediyoruz,we are talking
kumar,gambling
hile,cheat
tabiki,of course
hastalığı,illness
metal,Metal
güveniyorum,I trust
katie,Katie
fotoğrafı,photo
felaket,disaster
kızını,Your daughter
öldürme,kill
gittik,We went
yetecek,sufficient
korktum,I scared
yorgunum,I am tired
daire,circle
noktası,point
kalmayacak,there will be no more
savaşta,in the war
etrafa,around
lu,lu
catherine,Catherine
hukuk,law
yaşadığını,that you live
duygu,emotion
pembe,pink
city,City
deri,skin
ölüme,to death
duvara,to Wall
kazanan,winning
sağlayacak,to provide
dr,DR
ların,s
seve,gladly
mezun,graduate
ayrıldı,Left
üzerime,on me
başlıyorum,I'm starting
olana,to what is
istememiştim,I didn't want
mermi,bullet
olmalıydı,must have
kocan,stub
olacaksınız,you will be
barda,at the bar
verilen,given
gününde,on the day
parker,parking
saattir,for the clock
moda,fashion
bildiğimiz,what we know
yarış,race
dışarıya,out
rebecca,Rebecca
vermez,uninterrupted
duruyorsun,you are standing
linda,Linda
kimliğini,its identity
ihtiyar,old
önemsiz,insignificant
bitir,finish it
başlayacak,will begin
buluruz,we find
deniyor,is called
halka,ring
yaşadım,I lived
kalanını,the rest
durdurmak,stop
giderse,if it goes
ziyarete,visit
biçimde,in the way
mevcut,available
etmişti,he had
gösteren,showing
etrafı,around
düşünce,idea
duran,standing
satış,sales
bakabilir,can look
kalıyorum,I stay
bitmiş,finished
yapmadın,you didn't do it
girdin,you entered
parçaları,pieces
homer,Homer
gelmedim,I didn't come
silahlar,weaponry
yılında,in the year
gemiye,on board
çıkarma,extraction
erdi,tedded
geçmişi,past
geçin,go on
todd,todd
wilson,Wilson
bırakayım,let me leave
ambulans,ambulance
sevmem,I do not like
davranış,behaviour
anlatacağım,I will tell
arasına,between
çekin,pull
sistem,system
davranıyor,Acting
başladık,we started
carrie,Carrie
kenny,Kenny
öldürmüş,killed
arkanı,your back
yedek,spare
gitmesi,to go
jordan,jordan
k,k
gemiyi,the ship
sıfır,none 
götürecek,to take
uzman,expert
harvey,Harvey
sordun,you asked
ayın,ritual
isterse,if you want
bırakır,leaves
kalacağız,we will stay
etmekten,from
sür,driving
çalışır,works
memnunum,I am pleased
hikayesi,story
savaşın,your war
askerler,soldiers
kaybı,loss
sözünü,your word
yakalayın,Capture
içmeye,to drink
kek,cake
ellerinde,in your hands
edilen,in
peynir,cheese
ailesinin,Your family
hissettiğini,that you feel
üvey,step
adamdan,from the man
perşembe,thursday
hal,status
yerler,places
yedim,I ate
hoşlanıyor,likes
olacaklar,they will be
teklifi,proposal
gazete,newspaper
tarif,specification
vermeyi,giving
mahkemede,in court
adamdı,He was a man
tekisin,you are one
dolara,to the dollar
miami,miami
japonya,Japan
dediler,they said
şampanya,champagne
bildiği,he knows
dile,language
güzelim,my beauty
carlos,Carlos
yağ,oil
söylersin,you say
herifin,your guy
ihtimal,possibility 
ödülü,prize
dişi,female
miktarda,quantity
aa,AA
söyleyebilirsin,you can say
düzenli,regular
geceki,tonight
elena,Elena
brad,Brad
haftadır,for a week
kardeşimi,my brother
ederler,they are
numarayı,number
güzellik,beauty
yanıyor,on fire
İtiraf,Admission
insanlardan,from people
uçağa,plane
boşuna,in vain
jamie,Jamie
bayılırım,i love
müsün,are you
carol,Carol
şapka,cap
gidebiliriz,we can go
çalıştığı,Working
babanla,with your father
neyden,from what
çocukla,with the child
ayrılmak,To leave
soruyu,question
günüm,my day
cennet,Paradise
jo,jo
yaratık,creature
cevabı,reply
söylemen,you say
resmini,your picture
kanlı,bloody
yüzük,ring
eller,hands
uyar,warn
açtı,opened
jay,jay
kayıtları,records
meydana,square
gelsene,come on
direk,direct
başlamadan,without starting
jüri,jury
duvar,wall
âşık,in love
söyleyip,and saying
ailemi,my family
kaybetmiş,lost
vermelisin,you should give
noktada,at the point
gelmesi,arrival
kış,winter
anında,instantly
uzaktan,afar
hollywood,Hollywood
hoşgeldin,Welcome
söylemesi,to say
temas,contact
görmem,I don't see
pilot,pilot
hanımlar,ladies
rengi,color
kafamı,my head
gerekti,needed
elime,in my hand
ã,ã
sophie,Sophie
milyar,billion
çeker,pull -out
geminin,ship
frankie,Frankie
edward,Edward
çıkmaz,impasse
denize,sea
alet,tool
gus,gus
kazandın,you won
yaptığına,what you did
olmalılar,they must be
uyum,rapport
hop,hop
yerime,in my place
haksız,unfair
değeri,value
insana,to human
noktaya,to point
bulmamız,we find
değişir,changes
otelde,in hotel
herneyse,anyway
üniversiteye,university
yapsın,let it do
çıkmadı,did not come out
sorumluluk,responsibility
cole,cole
vergi,tax
diz,knee
ihtimali,possibility of
böcek,bug
saray,palace
geldiğimde,When I arrived
kötüye,abuse
halen,currently
oradaydı,It was there
amin,amine
ölümüne,to death
istediğimiz,what we want
kanser,cancer
yılı,year
etmeni,the factor
gibbs,Gibbs
etkili,effective
anlar,moments
birbirlerine,to each other
yönetim,Administration
kapatın,close
yandan,on the other hand
sabırsızlanıyorum,I can't wait
versene,give me
roman,novel
betty,Betty
alabilirim,I can get it
numarasını,number
yapmadan,without doing
yatıyor,lies
İtalyan,Italian
nedeniyle,because of
doktorlar,doctors
getiriyor,brings
değişik,strange
operasyon,operation
kore,Korea
bulalım,let's find
düşünmüyor,does not think
müdürü,manager
cinayeti,murder
hikayeyi,the story
bittiğinde,When finished
shawn,Shawn
bölgede,in the region
lik,ness
önde,ahead
istemiyoruz,we don't want
küçükken,when I was little
vali,governor
başının,your head
yapıldı,done
katilin,your killer
ikisini,two of them
anlam,meaning
sabaha,to morning
koymak,put
deneyelim,Let's try
hain,traitor
ian,ian
karımı,my wife
söyleyeceksin,you will say
durumun,your situation
marty,marty
lise,high school
sıkıntı,trouble
almıştım,I bought it
jessica,Jessica
vereceğiz,we will give
beth,beth
esas,basis
casey,Casey
umuyordum,I was hoping
çıkıyoruz,we go out
anlamsız,meaningless
etmeyeceğim,I will not
teşhis,diagnosis
ethan,Ethan
soruyorsun,you ask
başımdan,from my head
gay,gay
haberdar,informed
feda,sacrifice
artı,plus
yaşıyoruz,we are living
burnunu,your nose
hatan,error
kasabada,in the town
girebilir,can enter
doktoru,doctor
wayne,Wayne
bilerek,on purpose
öteki,other
güvenilir,Trustworthy
eğlenceler,fun
çanta,bag
bilgileri,information
hapishane,prison
popüler,popular
önemlisi,importantly
bugüne,to the present
anlatmaya,to explain
yapamayız,we can't do
jess,jess
ani,moment
sınır,boundary
ağzından,from your mouth
karıştı,mixed
zordur,is difficult
nina,nina
çalmak,to play
gelmeyecek,will not come
tuttu,hired
sun,Sun
tutan,holding
borçluyum,I owe it
almadan,without taking
ötürü,due to
zahmet,bother
tavşan,rabbit
kalmaya,to stay
buradaydı,It was here
nişan,engagement
zoe,zoe
telafi,compensation
tutar,amount
delil,proof
geçelim,Let's pass
çağrı,call
yüzüğü,ring
kemik,bone
kokusunu,smell
giy,wear
brown,brown
kurtardın,you saved
taşı,Move
noeller,Christmas
arkaya,back
görürsün,you see
söylemiyorum,I'm not saying
iste,at work
benzemiyor,does not look like
korusun,Protect
king,king
ederse,if he
dakikaya,per minute
tutmaya,to hold
uluslararası,international
vermeden,without giving
oscar,Oscar
boy,size
gerçekleri,Facts
gençler,youth
darbe,coup  
nesin,nesin
kader,destiny
niyetim,My intention
üstün,superior
önem,importance
kurmak,to create
sanmam,I do not think so
ağlama,cry
tekne,boat
sapık,pervert
me,me
görecek,will see
arabasını,his car
devre,circuit
ron,ron
yiyelim,let's eat
bekleyeceğim,I will wait
kardeşimin,my sibling's
cadılar,witches
dosya,file
kimler,who
ulan,ulan
olmayacağım,I will not
duymadın,you did not hear
gereksiz,unnecessary
bulunduğu,found
izledim,I watched
kımıldama,movement
zamanla,in time
kadarını,as far as
olacağına,that
oğlunun,Your son
lerin,s
olivia,Olivia
mola,break
boston,Boston
yük,load
liz,liz
şerefsiz,dishonest
ateşe,on fire
listesi,list
merkezinde,in the center
şirketin,company
randy,Randy
vurmak,hit
türden,kind of
miller,miles
bulmam,I don't find
alçak,low
naber,What's up
misafir,guest
uslu,well-behaved
bıçağı,knife
bugünlerde,these days
gittiği,he went
uyarı,warning
örümcek,spider
merhamet,mercy
icin,for
telefona,on the phone
kurtarma,recovery
rusya,Russia
büyükbaba,grandfather
robot,robot
gitmiyorsun,you don't go
İşleri,Work
kimmiş,who was
zehir,poison
baya,quite
kaldırın,Remove
kamyon,truck
değiştirdi,changed
panik,panic
jin,Jin
servisi,service
otuz,thirty
angel,Angel
geçiriyor,passing
anlatayım,let me tell
bekledim,I waited
ellen,Ellen
birilerinin,Someone's
şükran,gratitude
marshall,Marshall
yanılıyorsun,You're wrong
aranızda,among you
müdahale,intervention
hırsızlık,theft
yapardı,he would do
reklam,advert
huh,huh
istemezdim,I wouldn't want
davası,case
sarışın,blonde
sesle,with voice
yapabileceğini,that you can do
koru,protect
bulamıyorum,I can not find
çaresine,remedy
bilgiler,informations
kraliyet,royal
yazan,writer
adlı,judicial
söylemeyeceğim,I will not say
ilham,inspiration
meşgulüm,I'm busy
gezegen,planet
yaşadığı,lived
hali,state
anasını,his mother
temizlik,cleaning
alırız,we get
başlamış,started
buldular,they found
etmemiz,we
yatırım,investment
mıdır,is it
okulun,Your school
audrey,Audrey
planım,my plan
oğlumun,my son
bahsettiğini,that you mentioned
örneğin,e.g
dilemek,wish
çete,gang
açıp,open and open
sakinleş,calm down
karı,wife
öncesi,pre-
derdim,I would
is,business
joseph,Joseph
kol,arm
anahtarları,keys
gürültü,noisy
sue,sue
teddy,teddy
kaçmaya,to escape
ho,holy
cihazı,device
söylediğimi,what I said
gibiler,people like
ok,arrow
şeylerle,with things
bitecek,will end
odayı,the room
dennis,Dennis
hı,what
boya,paint
görünüyorum,I look
lı,lucinous
söylerdi,He would say
ot,weed
sebebini,cause
gitmeni,you go
veri,data
öte,beyond
arkadan,behind
isteyeceğim,I will want
üstüme,on me
direkt,direct
görüş,opinion
ahmak,idiot
çeken,attractive
bakacak,will look
yanındaki,next
etmenin,do not
vaktin,your time
gideceğini,that you will go
gordon,gordon
yalvarıyorum,I beg
davis,Davis
öylesin,so
yoruldum,I am tired
etmiyorsun,you don't
gelmiştim,I came
kıyafet,clothes
üstünü,top
sorma,dont ask
konuşmalıyız,we should talk
yapabileceğimiz,we can do
zorlu,tough
ilişkisi,relationship
kurtar,save
etki,effect
bağlantısı,connection
önden,from the front
arkasından,behind
cok,a lot
istersiniz,you want
kafalı,-headed
haklısınız,you are right
anlattım,I told
çocuğunu,your child
koydu,he put
sabahın,in the morning
midir,is it
öldürmedim,I didn't kill
vermişti,gave it
oysa,whereas
yarına,for tomorrow
olmana,to what
yüzümden,from my face
bahsediyor,Talking about
çıktığını,that
amaç,aim
uzaylı,alien
özlüyorum,I am missing
soygun,robbery
lou,lou
aldığın,you buy
zekice,cleverly
başımıza,to us
kod,code
yerleri,locations
steven,Steven
giderek,increasingly
İnsanlara,To people
okumak,to read
yapacaksınız,you will do
hız,speed
dar,narrow
benziyorsun,you look like
istemiyorsan,if you do not want
sınıfta,in the class
alındı,receipt
çabucak,quickly
lafı,word
dana,calf
kolunu,his arm
durdurun,Stop
sağlıyor,provides
altındaki,under
cüret,daring
izliyor,is watching
bilgiyi,information
hannah,Hannah
üstünden,over
puan,point
terörist,terrorist
sanıyorsunuz,you think
beşinci,fifth
davran,act
yolla,send
vermiştim,I gave
anladığım,I understand
icabına,for the requirement
çıkarsa,if it comes out
aklında,in mind
michelle,Michelle
nadir,rare
kaçmış,escaped
meşhur,famous
düşüyor,falling
yapamıyorum,I can not
ortalıkta,around
yıllarca,for years
dediğine,what you say
seç,select
kanka,dude
yaramıyor,does not work
nancy,nancy
geliyordu,was coming
devamlı,continuous
yetmez,not enough
sahneye,to the stage
ölüyorum,I'm dying
İşini,Your job
kalanı,the rest
gelişme,development
sizlere,to you
ibaret,consistently
mösyö,monsieur
kaçırdım,I missed it
kapıları,gates
edilemez,inevitable
çıkarmaya,to remove
toplantısı,meeting
jeremy,Jeremy
delirdin,You were crazy
alana,to the field
gemide,on board
yanıt,response
duymuş,heard
sivil,civilian
İncil,Bible
tuzağa,to the trap
zorundaydım,I had to
istemediğini,you don't want
boyun,neck
başlayın,Start
hapis,prison
doldu,filled
oyunun,your game
sınırı,limit
dil,language
etmedin,you didn't
ülkede,in the country
merkezine,to the center
öp,kiss
simdi,now
hakkın,your right
işime,for my work
dağ,mountain
almadım,I did not take
bitiyor,ends
uyanık,awake
buluşma,meeting
şuan,now
buysa,if that's
yaşına,to age
getirecek,will bring
içecek,drink
geçtim,I passed
konuşan,speaking
amma,pure
ailemin,my family
bitirmek,finish
sesleri,sounds
eşit,same
ordusu,army
endişeleniyorum,i worry
çektim,I pulled
arabam,My car
oturma,sitting
düşünüyorlar,they think
evlenme,marriage
karanlıkta,in the dark
olurlar,they are
yazılı,written
bağ,bond
kalbimi,my heart
herifler,guys
yasa,live
sürüyor,progress
ödemek,pay
caroline,Caroline
masaya,on the table
geçirmiş,spent
korkmuyorum,I'm not afraid
av,hunting
sayfa,page
binanın,building
bittiğini,that it is over
yapmaktan,from doing
yapılması,to be done
ömür,lifetime
sinirli,annoyed
duyabiliyor,can hear
maruz,exposed
başardım,I succeeded
kum,Annual
hakkını,right
şov,show
maya,Maya
babasını,his father
birisiyle,with someone
hepinizin,all of you
keith,keith
yetenek,talent
walker,Walker
gözlerin,Your eyes
raymond,raymond
ağrıyor,it hurts
köle,slave
evvel,before
ruhunu,your soul
delikanlı,lad
kanada,Canada
keser,cut
halkın,People's
benimkini,mine
yakaladık,we caught
gördüğü,what he sees
bildin,you knew
dolusu,full of
porno,porn
başkalarının,others
İsmi,Name
birlik,unity
zamanını,your time
jennifer,Jennifer
kadınlara,To women
ulaşmak,to reach
yemiş,eaten
gidemezsin,You can't go
hepinize,to all of you
saçlı,haired
satmak,to sell
işiniz,Your job
öldürüyor,killing
yazmış,written
olabildiğince,as much as possible
İşim,Name
aklımdan,from my mind
aklı,mentally
ailesini,family
hakkım,my right
uçan,flying
sevmiyor,does not like
anlamıyla,literally
aaron,Aaron
ton,ton
içimde,inside me
pencereden,through the window
eti,flesh
petrol,oil
töreni,ceremony
matthew,matthew
olayını,event
kent,city
politik,political
yaparlar,they do
kendilerine,themselves
lider,leader
tanıştığıma,I met
şekli,shape
sağladı,provided
başkasının,someone else
martha,martha
muydunuz,Were you
konuştu,spoke
gönderdim,I posted
hatırlamıyor,does not remember
sesli,loud
vermedim,I didn't give
ooh,ooh
döndüğünü,that he returned
plastik,plastic
ikimizin,two of us
bırakacağım,I will quit
yöne,in the direction
savaşçı,fighter
çekiyorum,I'm pulling
gitsem,If I go
başarı,success
konuya,to the subject
kurallar,rules
tina,tina
işlerin,Your work
karısını,his wife
kiliseye,to the church
memuru,officer
ä,ä
oynamaya,playing
birbirlerini,each other
üzülme,Do not be sad
odama,my room
sessizce,quietly
İtalya,Italy
sevgilisi,lover
yavrum,my baby
hediyesi,gift
doğruca,straight
herhâlde,I suppose
mecbur,forced
teknoloji,technology
vurdum,I hit
verdiniz,you gave it
hocam,my teacher
barbara,barbara
kokain,cocaine
alması,receiving
şahane,wonderful
düşünür,thinker
victoria,Victoria
aday,candidate
miydiniz,Were you
otele,Hotel
arkadaşımın,my friend's
sesler,sounds
malcolm,Malcolm
adres,address
istemiş,wanted
bulabilirim,I can find
çıkarken,on the way out
mickey,mickey
aktif,active
bilimsel,scientific
tarafına,on the side of
yaşındasın,you are old
hepinizi,all of you
dick,dick
abla,older sister
lideri,leader
müsait,free
ederdi,would have
mutfakta,in the kitchen
televizyonda,on TV
İstediğim,What I want
bekleme,wait
gönderin,send
francis,Francis
durumunu,status
oksijen,oxygen
dinliyor,listening
şüphesiz,no doubt
eşyaları,items
avukatı,lawyer
garson,waiter
öğren,learn
eva,eva
işbirliği,cooperation
veriyoruz,we give
bildiğiniz,you know
kızının,your daughter
sakla,hide
minnettar,grateful
sonradan,later
gitmesini,to go
ann,Ann
haberlerim,my news
muazzam,enormous
yemekten,from meal
sayıda,numerical
sürmez,unmistakable
zehirli,toxic
hatırla,Remember
aradın,You called
hatası,error
kasabaya,to town
florida,Florida
halkı,people
çalışıyorsunuz,you work
logan,logan
ada,island
sesin,Your voice
bulana,to the one who finds
elma,apple
kızımın,my daughter
şeyini,your thing
köprü,bridge
allison,allison
vuruldu,was shot
verirseniz,if you give
gözle,eye -catching
renkli,colourful
sorunlar,problems
çalışması,work
yarayacak,will be useful
istediler,they wanted
yapıyordun,you were doing
fotoğrafını,photo
hoşlanmıyorum,I do not like
olayları,events
söylüyorsunuz,you say
sırrı,secret
çıkardım,I took it out
pazarlık,bargain
sağlar,provides
dı,it was
sıraya,in line
yapmıyor,does not do
öldüğünde,When he dies
anlaşmayı,agreement
albert,Albert
aralar,intervals
öfke,anger
kalem,pencil
evinin,Your house
riley,Riley
ağrı,pain
gitmişti,he was gone
ikiye,in two
borçlu,debtor
yardımın,Your help
dylan,Dylan
annesini,his mother
kang,kang
kaçıyor,escaping
İstemiyorum,I don't want
yasadışı,illegal
girmeye,to enter
vurdun,you hit
yapmasını,to do
malı,financial
matematik,maths
cehennemde,in hell
nasılsa,somehow
terfi,promotion
ötesinde,beyond
herifi,halifi
hissettiriyor,makes you feel
yavru,baby
çocuklarım,my children
yanından,by the side of
hazırla,prepare
sağlayan,providing
avcı,Hunter
fakir,poor
zar,dice
söylememi,not to say
holly,Holly
edersiniz,you will
bart,Bart
yürüyüşe,walking
kimliği,identity
tanıklık,testimony
düşünsene,imagine
fikrimi,my idea
seviyoruz,we love
bekliyorlar,they are waiting
orman,Forest
döndüğünde,When you return
neil,neil
imza,signature
çarşamba,wednesday
hesabı,account
sözler,words
süren,exhausting
wendy,Wendy
kanıtı,evidence
monica,monica
rüşvet,bribe
duman,smoke
söylediklerini,what you say
yüze,to the face
düşündü,thought
virüs,virus
soruyor,asks
dertte,in trouble
olumlu,positive
arkadaşımı,my friend
diane,Diane
aykırı,against
kalmasını,to stay
devasa,colossal
harold,Harold
köpekler,dogs
şahsen,personally
gül,rose
edebilecek,it can be
kalmayı,to stay
papa,pope
penny,penny
kutlu,blessed
arkadaşız,WE ARE FRIENDS
bitince,when finished
derse,class
altını,gold
telefonun,Your phone
olmanız,you have
kalması,to remain
kalırsa,if it remains
elli,fifty
connor,Connor
kaplan,Tiger
hayran,fan
şeklinde,shaped
kararını,decision
yemeye,to eat
yazmak,to write
mutsuz,unhappy
kullanma,use
gözler,eyes
bozucu,disruptive
dinleme,listening
dönüyorum,I'm going back
saçını,your hair
jean,Jean
spencer,Spencer
açar,opens
dönem,period
jonathan,Jonathan
görünmez,invisible
olmasının,to be
sikeyim,I'll fuck
görgü,manners
sammy,sammy
harikasın,You are great
kitty,Kitty
söylediniz,you said
koruyucu,protector
pat,scatter
ek,additional
bakanlığı,ministry
dansı,dance
christine,Christine
istiyorsa,if he wants
mutfak,kitchen
kullanmayı,to use
atıp,throwing away
cesedini,his body
dizi,soap opera
versin,give me
barney,barney
bunlarla,with them
seçeneğim,My option
dostlarım,my friends
eylül,September
çoğunlukla,mostly
örneği,example
olabilirsiniz,You can be
elindeki,in your hand
gelemem,I can not come
tanırım,I know
ofisi,office
emniyet,safety
bensiz,without me
işareti,sign
lewis,lewis
ortalığı,attempt
başkaları,others
booth,booth
bahane,excuse
kullandığı,used
büyüleyici,fascinating
işinde,at work
duruyordu,it was standing
adet,piece
babacığım,daddy
giren,entering
bölgesi,region
öz,self
yaşındayım,I am old
tanımıyorsun,you don't know
rolü,role
şiddetli,severe
kendimden,from myself
dönmem,I don't return
bo,Bo
gözlerimi,my eyes
görevim,my duty
çoğunu,most
margaret,margaret
şansını,your chance
russell,Russell
gidiyorlar,they are going
önünden,in front of
öldükten,after death
gidemem,I can not go
ekstra,extra
silahın,Your weapon
işle,work
severdi,He used to love
kurabiye,cookie
phoebe,phoebe
duruyorum,I'm standing
diyeceksin,you will say
uydu,satellite
çalıştın,you worked
olursak,if you
travis,travis
konuşurum,I talk
kutlama,celebration
jacob,jacob
aptallık,stupidity
earl,Earl
ölümünden,from death
konuşuyoruz,we are talking
düşündük,we thought
almaz,uninterrupted
that,That
ağacı,tree
çıkacağım,I will go out
yapmana,to do
çalar,player
caddesi,Street
çamaşır,linen
arkadaşına,to your friend
toby,TOBY
bilmez,unknown
çıkarıp,take off
bulabiliriz,we can find
taciz,abuse
bulduğumuz,we found
tahta,wood
çaba,effort
vermedin,you did not give
anlıyorsun,you understand
young,Young
bedelini,price
genetik,genetic
hakaret,insult
önemlidir,important
çekmeye,to pull
aynısı,the same
yem,bait
etmeyecek,will not
göreve,to duty
götürür,it takes
filmin,Your movie
olmadım,I was not
gabriel,Gabriel
attın,you threw
sözleri,words
değiştirdim,I change it
gözlerim,my eyes
do,do
dediniz,you said
kurulu,installed
salonu,hall
imkânsız,impossible
vermiyorsun,you don't give
başlama,start
üniversitesi,university
kaybolmuş,lost
doktorun,Your doctor
stephen,Stephen
düşen,falling
başladılar,they started
kahverengi,Brown
konuşmalıyım,I have to talk
randevum,my appointment
teker,wheel
idam,execution
bakım,care
şeyde,in what
yapmıştım,I have done
durmadan,non-stop
fotoğrafları,photos
çiçekler,flowers
mason,mason
belirsiz,uncertain   
bitirdim,I finished
şefi,chief
koltuk,seat
olmayacağını,that
getiririm,I bring it
elleri,hands
okuma,read
sıkıldım,I am bored
düzen,order
nehir,river
rory,rory
berlin,Berlin
gelirken,on the way
yakaladı,caught
gösterin,show
beden,Body size
verirsin,you give
kilit,lock
bağla,connect
bahar,spring
owen,Owen
görevlisi,officer
gördüğümü,what I see
masanın,your table
paylaşmak,to share
takdirde,in case
aradığını,what you are looking for
ofis,office
yiyor,eating
gücün,your power
şiir,poetry
aklımı,my mind
veriyorlar,they are giving
zekalı,witted
miles,Miles
beklemiyordum,I did not expect
böylesine,such
babanız,your father
kutusu,box
deneyeceğim,I will try
arıyorlar,they are looking for
internet,Internet
diyeyim,let me say
bakarak,looking at
dükkanı,shop
sağır,deaf
ken,city
demin,just now
sokağa,to the street
kullandım,I used it
ihbar,notice
arkadaşlarını,your friends
kafan,your head
house,House
erkenden,early
altyazı,subtitle
nasil,how
haklıydı,was right
öldürün,Kill
aramızdaki,between us
benle,with me
kaçış,escape
jen,Jen
diyordum,I was saying
düzelecek,It will be fine
tanesini,grain
kalbin,Your heart
dakikalığına,for minutes
bulacak,will find
duyduk,we heard
pas,rust
leonard,Leonard
eninde,width
ettiğiniz,you are
karşınızda,here
sayede,thanks to
elliot,Elliot
lazımdı,needed
çatlak,crack
oldunuz,you became
uzmanı,professional
düzine,dozen
olumsuz,negative
olmasından,from being
atmaya,to throw
toplum,society
kaldığını,that you stay
anlarım,I understand
iyiyiz,we are good
otomatik,automatic
kimyasal,chemical
düşünmedim,I didn't think
konuşur,speaks
kaçıp,escaping
shane,shane
fıstık,peanut
california,California
biçim,format
birisine,to someone
tadına,to taste
başardı,SUCCESSFUL
gittiğinde,when you go
anlamını,its meaning
kaya,rock
keyfini,enjoyment
anlatacak,will tell
lâzım,required
yolumdan,from my way
bense,me
haksızlık,injustice
inkar,denial
tracy,tracy
gösterecek,will show
çocuklarını,their children
söylüyordu,he was saying
seth,seth
bencil,selfish
iyiliği,goodness
dostlar,friends
özleyeceğim,I will miss
mars,anthem
oturmak,to sit
uyumak,to sleep
oturan,sitting
olmamalı,should not be
edilecek,to be
sırt,back
kuvvetli,powerful
stanley,Stanley
gelecekte,in the future
şehirdeki,in the city
düştüm,I fell
okudun,you read
dawson,DAWSON
adamımız,Our man
bİr,a
ölümden,from death
vermen,vermen
kapandı,closed
defalarca,repeatedly
şahit,witness
durumunda,in the case of
jules,Jules
aah,Aah
yapabilecek,can do
baktı,he looked
diğerlerini,others
hong,hong
başkasına,to someone else
oldugunu,that
koyu,dark
hapisten,from imprisonment
å,å
r,r
açıldı,opened
yapımı,construction
allahım,God
benzeyen,similar
evrenin,The universe
kıçına,to your ass
çıkacağız,we will go out
eşek,donkey
devletler,states
aklımda,On my mind
bulunuyor,is located
elle,by hand
ortağı,partner
bire,I'd like to send a message by e-mail
üzereyim,I'm about to
megan,megan
İspanya,Spain
yolladı,sent
azıcık,little
yorum,comment
white,white
bulabilir,can find
savcı,prosecutor
diyebilirsin,You can say
çıktığında,when it comes out
espri,humor
taşıyor,carrying
şartlı,conditional
tartışma,argument
izlemeye,to watch
bilmiyordu,He didn't know
bulursun,you find
walt,Walt
dünyadan,from the world
dayak,beating
liste,list
kötülük,evil
hayali,imaginary
çantayı,the bag
sabırlı,patient
yapabileceğin,you can do
sin,Sin
buluşalım,let's meet
kesip,cutting
sayısı,number
gözüm,My eye
dikkate,in mind
siktiğimin,I fucked
İyice,Thoroughly
jenna,Jenna
jung,jung
alamıyorum,I can't get it
başkasını,someone else
evinden,from home
söylersen,If you say
döndüğümde,When I return
kullandı,used
kızarmış,fried
öldürülmüş,murdered
masada,on the table
kızlara,To girls
sizsiniz,you are